" TW"," LW"," Movie"," Weekend Gross"," Change"," Screens"," Change / Avg."," Gross-to-Date"," Week"," Production Country",""
"1","N","Death Sentence","$163,062","-","19","-","$8,582","$163,062","1","USA"
"2","1","National Treasure: Book of Secrets","$138,713","-61.4%","20","-3","$6,936","$760,574","2","USA"
"3","N","The Golden Compass","$136,034","-","4","-","$34,009","$136,034","1","UK, USA"
"4","N","Sydney White","$93,010","-","19","-","$4,895","$93,010","1","USA"
"-","3","Bee Movie","$69,123","-53.0%","17","-1","$4,066","$643,456","3","USA"
"-","2","30 Days of Night","$58,023","-71.4%","19","-","$3,054","$404,299","2","USA"
"-","4","Alvin and the Chipmunks","$40,275","-65.0%","15","-4","$2,685","$236,691","2","USA"
"-","N","The Assassination of Jesse James by the Coward Robert Ford","$33,966","-","6","-","$5,661","$33,996","1","USA"
"-","5","Hitman","$27,792","-73.7%","7","-12","$3,970","$617,973","3","France, USA"
"-","6","Fred Claus","$23,530","-72.6%","6","-8","$3,922","$169,663","2","Unknown"
"-","7","Mr. Magorium's Wonder Emporium","$13,173","-77.0%","12","-7","$1,098","$107,562","2","USA"
"-","9","Beowulf","$8,226","-38.9%","1","-","$8,226","$615,323","6","USA"
"-","8","Michael Clayton","$7,324","-70.8%","2","-4","$3,662","$156,031","3","USA"
"-","-","American Gangster","$3,959","-","1","-","$3,959","$508,018","5","USA"
"-","12","Elizabeth: The Golden Age","$2,750","-53.0%","1","-1","$2,750","$215,535","4","France, Germany, UK"
"-","11","Blind Dating","$1,689","-75.0%","1","-5","$1,689","$87,538","3","USA"
"-","16","The Kingdom","$1,296","-54.3%","1","-","$1,296","$1,185,715","12","Germany, USA"
"-","15","The Invisible","$336","-88.4%","1","-1","$336","$207,203","4","Unknown"
"-","19","In the Land of Women","$253","-64.3%","1","-","$253","$43,126","4","USA"
" TW"," LW"," Movie"," Weekend Gross"," Change"," Screens"," Change / Avg."," Gross-to-Date"," Week"," Production Country",""
"1","N","National Treasure: Book of Secrets","$359,099","-","23","-","$15,613","$621,861","1","USA"
"2","N","30 Days of Night","$203,119","-","19","-","$10,690","$346,276","1","USA"
"3","2","Bee Movie","$147,058","-41.2%","18","-2","$8,170","$574,333","2","USA"
"4","N","Alvin and the Chipmunks","$115,127","-","19","-","$6,059","$196,416","1","USA"
"5","1","Hitman","$105,584","-68.4%","19","-1","$5,557","$590,181","2","France, USA"
"6","N","Fred Claus","$86,004","-","14","-","$6,143","$146,133","1","Unknown"
"7","N","Mr. Magorium's Wonder Emporium","$57,231","-","19","-","$3,012","$94,389","1","USA"
"8","3","Michael Clayton","$25,063","-65.7%","6","-13","$4,177","$148,707","2","USA"
"9","10","Beowulf","$13,458","-18.0%","1","-1","$13,458","$607,097","5","USA"
"10","N","Across the Universe","$12,442","-","6","-","$2,074","$12,442","1","USA"
"11","4","Blind Dating","$6,744","-86.9%","6","-4","$1,124","$85,849","2","USA"
"12","7","Elizabeth: The Golden Age","$5,852","-81.4%","2","-14","$2,926","$212,786","3","France, Germany, UK"
"13","6","The Nanny Diaries","$3,478","-90.6%","1","-8","$3,478","$60,265","2","USA"
"14","8","The Game Plan","$3,042","-90.1%","1","-8","$3,042","$358,854","4","USA"
"15","5","The Invisible","$2,894","-93.3%","2","-16","$1,447","$206,866","3","Unknown"
"16","14","The Kingdom","$2,837","+81.3%","1","-","$2,837","$1,184,419","11","Germany, USA"
"17","18"," Khiana mashroaa","$1,941","+75.8%","1","-","$1,941","$132,510","5","Unknown"
"18","12","Delta Farce","$853","-65.6%","1","-","$853","$90,178","4","USA"
"19","13","In the Land of Women","$708","-66.6%","1","-","$708","$42,873","3","USA"
"20","16","The Last Mimzy","$300","-75.0%","1","-","$300","$25,208","3","USA"
" TW"," LW"," Movie"," Weekend Gross"," Change"," Screens"," Change / Avg."," Gross-to-Date"," Week"," Production Country",""
"1","N","Hitman","$334,061","-","20","-","$16,703","$334,061","1","France, USA"
"2","N","Bee Movie","$250,211","-","20","-","$12,511","$250,211","1","USA"
"3","N","Michael Clayton","$73,120","-","19","-","$3,848","$73,120","1","USA"
"4","N","Blind Dating","$51,543","-","10","-","$5,154","$51,543","1","USA"
"5","2","The Invisible","$43,129","-61.5%","18","+3","$2,396","$183,216","2","Unknown"
"6","N","The Nanny Diaries","$37,145","-","9","-","$4,127","$37,145","1","USA"
"7","1","Elizabeth: The Golden Age","$31,478","-75.3%","16","-1","$1,967","$188,435","2","France, Germany, UK"
"8","5","The Game Plan","$30,816","-47.3%","9","-3","$3,424","$335,654","3","USA"
"9","3","American Gangster","$21,452","-75.0%","7","-11","$3,065","$482,794","3","USA"
"10","-","Beowulf","$16,418","-56.6%","2","-4","$8,209","$577,152","4","USA"
"11","4","Eastern Promises","$5,295","-92.3%","4","-13","$1,324","$93,307","2","Canada, UK, USA"
"12","-","Delta Farce","$2,479","-79.3%","1","-6","$2,479","$87,173","3","USA"
"13","-","In the Land of Women","$2,119","-92.9%","1","-10","$2,119","$41,270","2","USA"
"14","-","The Kingdom","$1,565","-22.5%","1","-","$1,565","$1,178,730","10","Germany, USA"
"15","-","The Heartbreak Kid","$1,295","-86.1%","1","-1","$1,295","$362,078","5","Unknown"
"16","-","The Last Mimzy","$1,201","-93.7%","1","-3","$1,201","$23,432","2","USA"
"17","-","Saw IV","$1,190","-73.9%","1","-1","$1,190","$439,205","5","USA"
"18","-"," Khiana mashroaa","$1,104","-33.5%","1","-","$1,104","$129,319","4","Unknown"
" TW"," LW"," Movie"," Weekend Gross"," Change"," Screens"," Change / Avg."," Gross-to-Date"," Week"," Production Country",""
"1","N","Elizabeth: The Golden Age","$127,265","-","17","-","$7,486","$127,265","1","France, Germany, UK"
"2","N","The Invisible","$112,069","-","15","-","$7,471","$112,069","1","Unknown"
"3","1","American Gangster","$85,698","-69.6%","18","-5","$4,761","$433,653","2","USA"
"4","N","Eastern Promises","$68,387","-","17","-","$4,023","$68,387","1","Canada, UK, USA"
"5","2","The Game Plan","$58,491","-69.9%","12","-6","$4,874","$291,466","2","USA"
"-","3","Beowulf","$37,822","-71.8%","6","-10","$6,304","$549,102","3","USA"
"-","N","In the Land of Women","$29,873","-","11","-","$2,716","$29,873","1","USA"
"-","N","The Last Mimzy","$19,088","-","4","-","$4,772","$19,088","1","USA"
"-","4","Delta Farce","$11,998","-77.8%","7","-8","$1,714","$82,014","2","USA"
"-","9","The Heartbreak Kid","$9,295","-57.7%","2","-3","$4,648","$359,453","4","Unknown"
"-","8","Saw IV","$4,557","-83.3%","2","-11","$2,279","$436,490","4","USA"
"-","11","The Kingdom","$2,020","-40.5%","1","-","$2,020","$1,176,376","9","Germany, USA"
"-","6","Home of the Brave","$1,840","-94.5%","2","-14","$920","$157,944","3","USA"
"-","7"," Khiana mashroaa","$1,661","-94.8%","1","-10","$1,661","$127,660","3","Unknown"
"-","12","Ratatouille","$1,302","-53.0%","1","-","$1,302","$635,810","17","USA"
"-","16","Sukkar banat (Caramel)","$460","-71.8%","1","-","$460","$125,266","7","France, Lebanon"
" TW"," LW"," Movie"," Weekend Gross"," Change"," Screens"," Change / Avg."," Gross-to-Date"," Week"," Production Country",""
"1","N","American Gangster","$281,922","-","23","-","$12,257","$281,922","1","USA"
"2","N","The Game Plan","$194,132","-","18","-","$10,785","$194,132","1","USA"
"3","1","Beowulf","$134,298","-51.0%","16","-2","$8,394","$475,756","2","USA"
"4","N","Delta Farce","$54,025","-","15","-","$3,602","$54,024","1","USA"
"5","2","Halloween (2007)","$43,783","-51.2%","16","-3","$2,736","$160,982","2","USA"
"6","3","Home of the Brave","$33,148","-62.4%","16","-","$2,072","$145,636","2","USA"
"7","6"," Khiana mashroaa","$31,845","-48.6%","11","-3","$2,895","$114,640","2","Unknown"
"8","5","Saw IV","$27,357","-60.1%","13","-6","$2,104","$423,341","3","USA"
"9","4","The Heartbreak Kid","$21,997","-69.0%","5","-11","$4,399","$342,705","3","Unknown"
"10","7","Underdog","$16,648","-58.5%","4","-6","$4,162","$130,646","3","USA"
"11","9","The Kingdom","$3,395","-71.8%","1","-4","$3,395","$1,173,374","8","Germany, USA"
"12","15","Ratatouille","$2,768","+39.5%","1","-","$2,768","$633,747","16","USA"
"13","8","Saawariya","$2,038","-83.5%","2","-8","$1,019","$429,746","4","Unknown"
"14","11","Lions for Lambs","$1,718","-81.1%","1","-2","$1,718","$195,430","4","USA"
"15","10","Amazing Grace","$1,654","-85.8%","1","-8","$1,654","$18,251","2","UK, USA"
"16","18","Sukkar banat (Caramel)","$1,631","+6.5%","1","-","$1,631","$124,035","6","France, Lebanon"
"17","14","A Mighty Heart","$1,475","-39.5%","1","-","$1,475","$105,946","5","Unknown"
"18","17","3:10 to Yuma (2007)","$1,369","-17.9%","1","-1","$1,369","$241,878","6","USA"
"19","19","Knocked Up","$605","-52.3%","1","-","$605","$167,452","7","Unknown"
"20","20","The Lookout","$403","-44.8%","1","-","$403","$105,746","5","Unknown"
" TW"," LW"," Movie"," Weekend Gross"," Change"," Screens"," Change / Avg."," Gross-to-Date"," Week"," Production Country",""
"1","N","Beowulf","$274,145","-","18","-","$15,230","$274,145","1","USA"
"2","N","Halloween (2007)","$89,780","-","19","-","$4,725","$89,780","1","USA"
"3","N","Home of the Brave","$88,085","-","16","-","$5,505","$88,085","1","USA"
"4","2","The Heartbreak Kid","$70,987","-59.4%","16","-3","$4,437","$297,190","2","Unknown"
"5","1","Saw IV","$68,535","-72.8%","19","-","$3,607","$374,794","2","USA"
"6","N"," Khiana mashroaa","$61,997","-","14","-","$4,428","$61,997","1","Unknown"
"7","4","Underdog","$40,084","-33.9%","10","+2","$4,008","$108,545","2","USA"
"8","3","Saawariya","$12,351","-83.6%","10","-16","$1,235","$424,652","3","Unknown"
"9","7","The Kingdom","$12,050","-40.9%","5","-","$2,410","$1,164,934","7","Germany, USA"
"10","N","Amazing Grace","$11,627","-","9","-","$1,292","$11,627","1","UK, USA"
"11","6","Lions for Lambs","$9,104","-73.0%","3","-9","$3,035","$190,707","3","USA"
"12","5","We Own the Night","$7,519","-85.2%","4","-13","$1,880","$275,097","3","USA"
"13","10","Balls of Fury","$4,091","-57.7%","1","-1","$4,091","$151,778","4","USA"
"14","16","A Mighty Heart","$2,436","-33.5%","1","-2","$2,436","$103,739","4","Unknown"
"15","18","Ratatouille","$1,985","-29.6%","1","-","$1,985","$630,717","15","USA"
"16","12","The Brave One","$1,773","-72.9%","1","-1","$1,773","$249,776","4","Australia, USA"
"17","13","3:10 to Yuma (2007)","$1,667","-74.5%","2","-5","$834","$239,697","5","USA"
"18","15","Sukkar banat (Caramel)","$1,532","-67.4%","1","-1","$1,532","$122,004","5","France, Lebanon"
"19","23","Knocked Up","$1,269","+4.6%","1","-","$1,269","$166,403","6","Unknown"
"20","14","The Lookout","$730","-85.2%","1","-6","$730","$105,101","4","Unknown"
"21","25","Rush Hour 3","$686","-37.6%","1","-","$686","$1,534,375","14","Unknown"
" TW"," LW"," Movie"," Weekend Gross"," Change"," Screens"," Change / Avg."," Gross-to-Date"," Week"," Production Country",""
"1","N","Saw IV","$252,330","-","19","-","$13,281","$252,330","1","USA"
"2","N","The Heartbreak Kid","$174,943","-","19","-","$9,208","$174,943","1","Unknown"
"3","1","Saawariya","$75,456","-73.4%","26","-","$2,902","$397,496","2","Unknown"
"4","N","Underdog","$60,618","-","8","-","$7,577","$60,618","1","USA"
"5","2","We Own the Night","$50,829","-68.3%","17","-2","$2,990","$250,615","2","USA"
"6","3","Lions for Lambs","$33,677","-69.5%","12","-7","$2,806","$171,584","2","USA"
"7","6","The Kingdom","$20,402","-27.3%","5","-1","$4,080","$1,144,128","6","Germany, USA"
"8","N"," A Guide to Recognizing Your Saints","$10,834","-","8","-","$1,354","$10,834","1","USA"
"9","N","American Gun","$10,040","-","5","-","$2,008","$10,040","1","Unknown"
"10","5","Balls of Fury","$9,680","-71.5%","2","-7","$4,840","$145,669","3","USA"
"11","N"," Min Nazrati Ainen","$7,817","-","5","-","$1,563","$7,817","1","Unknown"
"12","4","The Brave One","$6,535","-83.5%","2","-16","$3,268","$245,831","3","Australia, USA"
"13","11","3:10 to Yuma (2007)","$6,528","-30.7%","7","+3","$933","$236,110","4","USA"
"14","8","The Lookout","$4,929","-73.4%","7","-10","$704","$103,238","3","Unknown"
"15","12","Sukkar banat (Caramel)","$4,705","-48.7%","2","-1","$2,353","$118,271","4","France, Lebanon"
"16","10","A Mighty Heart","$3,664","-73.6%","3","-4","$1,221","$99,994","3","Unknown"
"17","16","Harry Potter and the Order of the Phoenix","$3,404","-4.6%","1","-","$3,404","$1,588,423","18","Unknown"
"18","20","Ratatouille","$2,820","+10.6%","1","-","$2,820","$628,519","14","USA"
"19","7"," .45","$2,612","-88.5%","5","-4","$522","$33,288","2","USA"
"20","19","Skinwalkers","$1,784","-33.1%","2","-","$892","$170,134","4","Germany, USA"
"21","18","Atonement","$1,778","-40.6%","1","-","$1,778","$64,211","4","France, UK"
"22","13"," Omar Wa Salma","$1,767","-79.0%","2","-3","$884","$660,707","6","Unknown"
"23","21","Knocked Up","$1,213","-47.2%","1","-","$1,213","$164,708","5","Unknown"
"24","17","Daddy Day Camp","$1,145","-63.9%","1","-","$1,145","$312,462","6","Unknown"
"25","23","Rush Hour 3","$1,100","+33.3%","1","-","$1,100","$1,533,558","13","Unknown"
"26","15","The Astronaut Farmer","$564","-84.5%","1","-4","$564","$21,301","3","USA"
" TW"," LW"," Movie"," Weekend Gross"," Change"," Screens"," Change / Avg."," Gross-to-Date"," Week"," Production Country",""
"1","N","Saawariya","$283,670","-","26","-","$10,910","$283,670","1","Unknown"
"2","N","We Own the Night","$160,493","-","19","-","$8,447","$160,493","1","USA"
"3","N","Lions for Lambs","$110,382","-","19","-","$5,810","$110,382","1","USA"
"4","1","The Brave One","$39,620","-73.1%","18","-1","$2,201","$225,625","2","Australia, USA"
"5","2","Balls of Fury","$34,011","-57.0%","9","-3","$3,779","$129,555","2","USA"
"6","5","The Kingdom","$28,050","-40.1%","6","-3","$4,675","$1,112,424","5","Germany, USA"
"7","N"," .45","$22,616","-","9","-","$2,513","$22,616","1","USA"
"8","3","The Lookout","$18,539","-69.5%","17","-","$1,091","$93,604","2","Unknown"
"9","N","Death at a Funeral","$16,063","-","7","-","$2,295","$16,063","1","Germany, Netherlands, UK, USA"
"10","4","A Mighty Heart","$13,889","-76.6%","7","-11","$1,984","$91,346","2","Unknown"
"11","6","3:10 to Yuma (2007)","$9,416","-78.6%","4","-12","$2,354","$226,939","3","USA"
"12","10","Sukkar banat (Caramel)","$9,170","-51.8%","3","-1","$3,057","$109,400","3","France, Lebanon"
"13","9"," Omar Wa Salma","$8,396","-70.7%","5","-4","$1,679","$655,561","5","Unknown"
"14","7","Shoot 'Em Up","$6,968","-78.4%","2","-2","$3,484","$130,024","3","USA"
"15","12","The Astronaut Farmer","$3,645","-73.3%","5","-7","$729","$20,069","2","USA"
"16","-","Harry Potter and the Order of the Phoenix","$3,568","-","1","-","$3,568","$1,584,719","17","Unknown"
"17","14","Daddy Day Camp","$3,174","-60.8%","1","-1","$3,174","$310,805","5","Unknown"
"18","17","Atonement","$2,992","-35.9%","1","-","$2,992","$61,411","3","France, UK"
"19","8","Skinwalkers","$2,665","-91.3%","2","-12","$1,333","$167,613","3","Germany, USA"
"20","20","Ratatouille","$2,549","-6.1%","1","-","$2,549","$625,519","13","USA"
"21","18","Knocked Up","$2,296","-48.7%","1","-1","$2,296","$163,045","4","Unknown"
"22","19","The Bourne Ultimatum","$922","-67.7%","1","-","$922","$1,305,944","14","Germany, USA"
"23","15","Rush Hour 3","$825","-86.9%","1","-","$825","$1,532,458","12","Unknown"
" TW"," LW"," Movie"," Weekend Gross"," Change"," Screens"," Change / Avg."," Gross-to-Date"," Week"," Production Country",""
"1","N","The Brave One","$147,373","-","19","-","$7,756","$147,373","1","Australia, USA"
"2","N","Balls of Fury","$79,127","-","12","-","$6,594","$79,127","1","USA"
"3","N","The Lookout","$60,689","-","17","-","$3,570","$60,689","1","Unknown"
"4","N","A Mighty Heart","$59,447","-","18","-","$3,303","$59,447","1","Unknown"
"5","4","The Kingdom","$46,839","-44.7%","9","-7","$5,204","$1,067,998","4","Germany, USA"
"6","1","3:10 to Yuma (2007)","$43,936","-65.7%","16","-2","$2,746","$204,879","2","USA"
"7","5","Shoot 'Em Up","$32,256","-47.2%","4","-","$8,064","$111,585","2","USA"
"8","2","Skinwalkers","$30,687","-68.2%","14","-1","$2,192","$153,788","2","Germany, USA"
"9","6"," Omar Wa Salma","$28,604","-49.6%","9","-5","$3,178","$636,566","4","Unknown"
"10","7","Sukkar banat (Caramel)","$19,027","-63.0%","4","-8","$4,757","$91,386","2","France, Lebanon"
"11","3","The Invasion","$17,789","-79.2%","10","-8","$1,779","$125,566","2","Unknown"
"12","N","The Astronaut Farmer","$13,639","-","12","-","$1,137","$13,639","1","USA"
"13","N","The Ex","$10,772","-","5","-","$2,154","$10,772","1","USA"
"14","11","Daddy Day Camp","$8,097","-40.9%","2","-","$4,049","$306,607","4","Unknown"
"15","12","Rush Hour 3","$6,298","-2.6%","1","-","$6,298","$1,529,313","11","Unknown"
"16","8","Resident Evil: Extinction","$5,793","-85.9%","2","-12","$2,897","$590,103","4","Australia, France, Germany, UK, USA"
"17","9","Atonement","$4,665","-87.7%","1","-17","$4,665","$57,214","2","France, UK"
"18","10","Knocked Up","$4,473","-82.6%","2","-7","$2,237","$159,565","3","Unknown"
"19","15","The Bourne Ultimatum","$2,858","+62.5%","1","-","$2,858","$1,304,680","13","Germany, USA"
"20","14","Ratatouille","$2,714","-5.1%","1","-","$2,714","$622,693","12","USA"
"21","18"," Jing mo gaa ting (House of Fury)","$261","-71.6%","1","-2","$261","$32,824","3","Unknown"
"22","20"," Azur et Asmar","$172","-67.4%","1","-1","$172","$7,469","3","Belgium, France, Italy, Spain"
" TW"," LW"," Movie"," Weekend Gross"," Change"," Screens"," Change / Avg."," Gross-to-Date"," Week"," Production Country",""
"1","N","3:10 to Yuma (2007)","$128,116","-","18","-","$7,118","$128,116","1","USA"
"2","N","Skinwalkers","$96,434","-","15","-","$6,429","$96,434","1","Germany, USA"
"3","N","The Invasion","$85,489","-","18","-","$4,749","$85,489","1","Unknown"
"4","1","The Kingdom","$84,721","-58.7%","16","-3","$5,295","$987,647","3","Germany, USA"
"5","N","Shoot 'Em Up","$61,059","-","4","-","$15,265","$61,059","1","USA"
"6","2"," Omar Wa Salma","$56,708","-57.3%","14","-5","$4,051","$589,995","3","Unknown"
"7","N","Sukkar banat (Caramel)","$51,441","-","12","-","$4,287","$51,441","1","France, Lebanon"
"8","3","Resident Evil: Extinction","$40,958","-63.9%","14","-3","$2,926","$571,091","3","Australia, France, Germany, UK, USA"
"9","N","Atonement","$38,000","-","18","-","$2,111","$38,000","1","France, UK"
"10","4","Knocked Up","$25,726","-74.3%","9","-10","$2,858","$149,178","2","Unknown"
"11","5","Daddy Day Camp","$13,694","-72.9%","2","-17","$6,847","$297,162","3","Unknown"
"12","-","Rush Hour 3","$6,465","-59.8%","1","-2","$6,465","$1,521,153","10","Unknown"
"13","-","Harry Potter and the Order of the Phoenix","$3,500","+12.3%","1","-","$3,500","$1,580,078","15","Unknown"
"14","-","Ratatouille","$2,860","-54.8%","1","-1","$2,860","$619,166","11","USA"
"15","-","The Bourne Ultimatum","$1,759","-73.1%","1","-2","$1,759","$1,301,404","12","Germany, USA"
"16","6","The Hoax","$1,193","-96.1%","1","-11","$1,193","$39,809","2","Unknown"
"17","-"," Prey (2007)","$1,080","-88.3%","2","-7","$540","$122,667","4","Unknown"
"18","-"," Jing mo gaa ting (House of Fury)","$919","-","3","-","$306","$32,240","2","Unknown"
"19","-","WAR","$534","-72.8%","1","-1","$534","$699,906","9","USA"
"20","-"," Azur et Asmar","$528","-","2","-","$264","$7,199","2","Belgium, France, Italy, Spain"
"21","-","The Contract","$345","-80.2%","1","-","$345","$191,320","6","Germany, USA"
" TW"," LW"," Movie"," Weekend Gross"," Change"," Screens"," Change / Avg."," Gross-to-Date"," Week"," Production Country",""
"1","1","The Kingdom","$205,210","-56.0%","19","-12","$10,801","$844,619","2","Germany, USA"
"2","3"," Omar Wa Salma","$132,703","-48.3%","19","-","$6,984","$496,198","2","Unknown"
"3","2","Resident Evil: Extinction","$113,317","-61.0%","17","+1","$6,666","$497,165","2","Australia, France, Germany, UK, USA"
"4","N","Knocked Up","$100,011","-","19","-","$5,264","$100,011","1","Unknown"
"5","4","Daddy Day Camp","$50,583","-70.4%","19","-","$2,662","$276,721","2","Unknown"
"6","N","The Hoax","$30,768","-","12","-","$2,564","$30,768","1","Unknown"
"-","5","Rush Hour 3","$16,062","-52.5%","3","-2","$5,354","$1,509,801","9","Unknown"
"-","6"," Prey (2007)","$9,253","-68.1%","9","-2","$1,028","$118,776","3","Unknown"
"-","7","Georgia Rule","$7,876","-69.4%","10","-2","$788","$49,372","2","USA"
"-","9","The Bourne Ultimatum","$6,549","-37.7%","3","-","$2,183","$1,297,610","11","Germany, USA"
"-","8","Ratatouille","$6,328","-42.8%","2","-","$3,164","$615,130","10","USA"
"-","10","Harry Potter and the Order of the Phoenix","$3,118","-56.6%","1","-","$3,118","$1,575,693","14","Unknown"
"-","12","Hairspray (2007)","$2,278","-46.6%","1","-","$2,278","$136,649","8","UK, USA"
"-","13","WAR","$1,961","-36.5%","2","-4","$981","$698,655","8","USA"
"-","11","The Contract","$1,738","-63.5%","1","-4","$1,738","$190,548","5","Germany, USA"
"-","14","$1,246","-49.3%","1","-","$1,246","$1,572,363","16","USA",""
"-","17","Hot Rod","$448","-49.4%","1","-","$448","$84,666","5","Unknown"
"-","16","Journey to the End of the Night","$395","-69.9%","1","-","$395","$49,172","4","Unknown"
" TW"," LW"," Movie"," Weekend Gross"," Change"," Screens"," Change / Avg."," Gross-to-Date"," Week"," Production Country",""
"1","N","The Kingdom","$466,162","-","31","-","$15,037","$466,162","1","Germany, USA"
"2","N","Resident Evil: Extinction","$290,215","-","16","-","$18,138","$290,215","1","Australia, France, Germany, UK, USA"
"3","N"," Omar Wa Salma","$256,446","-","19","-","$13,497","$256,446","1","Unknown"
"4","N","Daddy Day Camp","$171,067","-","19","-","$9,004","$171,067","1","Unknown"
"5","4","Rush Hour 3","$33,824","+58.7%","5","-1","$6,765","$1,474,398","8","Unknown"
"6","1"," Prey (2007)","$29,023","-46.9%","11","+1","$2,638","$97,236","2","Unknown"
"7","N","Georgia Rule","$25,761","-","12","-","$2,147","$25,761","1","USA"
"8","12","Ratatouille","$11,059","+14.7%","2","-1","$5,530","$601,720","9","USA"
"9","9","The Bourne Ultimatum","$10,513","+3.6%","3","-","$3,504","$1,285,243","10","Germany, USA"
"10","18","Harry Potter and the Order of the Phoenix","$7,176","+150.9%","1","-","$7,176","$1,568,367","13","Unknown"
"11","2","The Contract","$4,765","-78.6%","5","-12","$953","$184,760","4","Germany, USA"
"12","16","Hairspray (2007)","$4,268","-18.8%","1","-","$4,268","$131,535","7","UK, USA"
"13","6","WAR","$3,090","-74.9%","6","-5","$515","$695,141","7","USA"
"14","23","$2,457","+73.0%","1","-","$2,457","$1,570,197","15","USA",""
"15","17","No Reservations","$1,472","-56.0%","1","-1","$1,472","$262,815","7","Unknown"
"16","10","Journey to the End of the Night","$1,310","-86.5%","1","-9","$1,310","$47,648","3","Unknown"
"17","13","Hot Rod","$886","-90.5%","1","-4","$886","$83,444","4","Unknown"
"18","14","Thr3e","$455","-92.8%","1","-4","$455","$34,925","3","Poland, USA"
"19","22","Bordertown","$455","-68.8%","1","-1","$455","$179,441","6","USA"
" TW"," LW"," Movie"," Weekend Gross"," Change"," Screens"," Change / Avg."," Gross-to-Date"," Week"," Production Country",""
"1","N"," Prey (2007)","$54,620","-","10","-","$5,462","$54,620","1","Unknown"
"2","1","The Contract","$22,263","-41.3%","17","+1","$1,310","$173,160","3","Germany, USA"
"3","N","Good Bye Bafana","$21,318","-","10","-","$2,132","$21,318","1","Belgium, France, Germany, Italy, Luxem, S Afr, UK"
"4","4","Rush Hour 3","$21,315","-13.8%","6","-1","$3,553","$1,433,759","7","Unknown"
"5","3"," Grilled","$14,103","-45.8%","10","-2","$1,410","$46,663","2","Unknown"
"6","7","WAR","$12,307","-33.3%","11","-5","$1,119","$689,728","6","USA"
"7","N","Evening","$11,667","-","6","-","$1,945","$11,667","1","Germany, USA"
"8","N","Year of the Dog","$10,496","-","13","-","$807","$10,496","1","Unknown"
"9","10","The Bourne Ultimatum","$10,144","-2.6%","3","-","$3,381","$1,268,385","9","Germany, USA"
"10","2","Journey to the End of the Night","$9,709","-64.2%","10","-","$971","$43,560","2","Unknown"
"11","8"," Matab sena'y","$9,674","-22.2%","12","-2","$806","$715,333","6","Unknown"
"12","12","Ratatouille","$9,645","+5.8%","3","-","$3,215","$588,173","8","USA"
"13","6","Hot Rod","$9,340","-51.3%","5","-5","$1,868","$79,746","3","Unknown"
"14","5","Thr3e","$6,309","-67.9%","5","+1","$1,262","$31,964","2","Poland, USA"
"15","N","Factory Girl","$5,925","-","4","-","$1,481","$5,925","1","USA"
"16","13","Hairspray (2007)","$5,255","-25.6%","1","-","$5,255","$125,133","6","UK, USA"
"17","14","No Reservations","$3,342","-40.9%","2","-1","$1,671","$260,093","6","Unknown"
"18","18","Harry Potter and the Order of the Phoenix","$2,860","+14.8%","1","-","$2,860","$1,560,483","12","Unknown"
"19","16","Black Sheep (2007)","$2,346","-34.6%","4","-1","$587","$21,154","3","NZ"
"20","9"," Minotaur","$2,062","-80.7%","3","-6","$687","$78,321","4","France, Germany, Luxem, Spain, UK"
"21","19"," Andaleeb AlDokki","$1,513","-38.6%","3","-2","$504","$1,238,792","8","Unknown"
"22","17","Bordertown","$1,458","-49.6%","2","-2","$729","$177,944","5","USA"
"23","20","$1,420","-29.8%","1","-","$1,420","$1,567,300","14","USA",""
"24","11","Paris, je t'aime","$1,108","-88.7%","1","-3","$1,108","$14,735","2","France, Liech, Switzerland"
"25","21","Sicko","$1,068","-39.0%","1","-1","$1,068","$19,567","3","USA"
"26","23"," Gone (2007)","$599","+18.4%","1","-2","$599","$50,564","4","Unknown"
" TW"," LW"," Movie"," Weekend Gross"," Change"," Screens"," Change / Avg."," Gross-to-Date"," Week"," Production Country",""
"1","1","The Contract","$37,952","-49.8%","16","+1","$2,372","$140,223","2","Germany, USA"
"2","N","Journey to the End of the Night","$27,095","-","10","-","$2,710","$27,095","1","Unknown"
"3","N"," Grilled","$26,012","-","12","-","$2,168","$26,012","1","Unknown"
"4","5","Rush Hour 3","$24,731","-16.6%","7","-1","$3,533","$1,405,427","6","Unknown"
"5","N","Thr3e","$19,628","-","4","-","$4,907","$19,628","1","Poland, USA"
"6","2","Hot Rod","$19,183","-49.3%","10","-9","$1,918","$67,286","2","Unknown"
"7","4","WAR","$18,447","-38.6%","16","+1","$1,153","$670,181","5","USA"
"8","6"," Matab sena'y","$12,438","-34.4%","14","-3","$888","$703,278","5","Unknown"
"9","8"," Minotaur","$10,698","-13.5%","9","-","$1,189","$74,275","3","France, Germany, Luxem, Spain, UK"
"10","10","The Bourne Ultimatum","$10,409","-2.4%","3","+1","$3,470","$1,264,405","8","Germany, USA"
"11","N","Paris, je t'aime","$9,798","-","4","-","$2,450","$9,798","1","France, Liech, Switzerland"
"12","11","Ratatouille","$9,113","-4.9%","3","-1","$3,038","$576,632","7","USA"
"13","12","Hairspray (2007)","$7,064","+7.5%","1","-","$7,064","$118,591","5","UK, USA"
"14","14","No Reservations","$5,658","-5.0%","3","-","$1,886","$255,244","5","Unknown"
"15","N","La Môme (La Vie en Rose)","$5,048","-","3","-","$1,683","$5,048","1","Czech, France, UK"
"16","9","Black Sheep (2007)","$3,589","-68.2%","5","-","$718","$18,017","2","NZ"
"17","13","Bordertown","$2,893","-52.8%","4","-3","$723","$175,391","4","USA"
"18","15","Harry Potter and the Order of the Phoenix","$2,491","-55.9%","1","-","$2,491","$1,556,384","11","Unknown"
"19","17"," Andaleeb AlDokki","$2,463","-14.7%","5","-1","$493","$1,236,295","7","Unknown"
"20","20","$2,024","+96.7%","1","-1","$2,024","$1,565,238","13","USA",""
"21","7","Sicko","$1,751","-86.0%","2","-8","$876","$18,070","2","USA"
"22","18","Grand Theft Parsons","$913","-51.5%","3","-4","$304","$3,438","2","Unknown"
"23","16"," Gone (2007)","$506","-87.3%","3","-3","$169","$49,797","3","Unknown"
" TW"," LW"," Movie"," Weekend Gross"," Change"," Screens"," Change / Avg."," Gross-to-Date"," Week"," Production Country",""
"1","N","The Contract","$75,586","-","15","-","$5,039","$75,586","1","Germany, USA"
"2","N","Hot Rod","$37,829","-","19","-","$1,991","$37,829","1","Unknown"
"3","1","I Now Pronounce You Chuck and Larry","$34,013","-45.4%","15","-","$2,268","$320,834","3","Unknown"
"4","4","WAR","$30,024","-20.0%","15","-2","$2,002","$640,860","4","USA"
"5","2","Rush Hour 3","$29,639","-35.2%","8","-5","$3,705","$1,373,111","5","Unknown"
"6","6"," Matab sena'y","$18,949","-40.6%","17","-1","$1,115","$683,379","4","Unknown"
"7","N","Sicko","$12,524","-","10","-","$1,252","$12,524","1","USA"
"8","3"," Minotaur","$12,371","-67.2%","9","-2","$1,375","$59,882","2","France, Germany, Luxem, Spain, UK"
"9","N","Black Sheep (2007)","$11,276","-","5","-","$2,255","$11,276","1","NZ"
"10","10","The Bourne Ultimatum","$10,664","-17.3%","2","-","$5,332","$1,236,613","7","Germany, USA"
"11","9","Ratatouille","$9,587","-32.2%","4","-","$2,397","$566,066","6","USA"
"12","12","Hairspray (2007)","$6,569","-15.6%","1","-","$6,569","$110,206","4","UK, USA"
"13","7","Bordertown","$6,134","-73.4%","7","-8","$876","$168,954","3","USA"
"14","8","No Reservations","$5,955","-62.2%","3","-","$1,985","$247,565","4","Unknown"
"15","17","Harry Potter and the Order of the Phoenix","$5,650","+13.7%","1","-","$5,650","$1,552,928","10","Unknown"
"16","5"," Gone (2007)","$3,992","-88.4%","6","-7","$665","$46,730","2","Unknown"
"17","15"," Andaleeb AlDokki","$2,886","-58.6%","6","-6","$481","$1,232,935","6","Unknown"
"18","N","Grand Theft Parsons","$1,884","-","7","-","$269","$1,884","1","Unknown"
"19","11","How to Eat Fried Worms","$1,865","-77.3%","1","-5","$1,865","$10,879","2","Unknown"
"20","19","$1,029","-56.9%","2","-","$515","$1,560,426","12","USA",""
" TW"," LW"," Movie"," Weekend Gross"," Change"," Screens"," Change / Avg."," Gross-to-Date"," Week"," Production Country",""
"1","2","I Now Pronounce You Chuck and Larry","$62,246","-62.8%","15","-1","$4,150","$271,078","2","Unknown"
"2","3","Rush Hour 3","$45,745","-61.1%","13","-2","$3,519","$1,330,057","4","Unknown"
"3","N"," Minotaur","$37,661","-","11","-","$3,424","$37,661","1","France, Germany, Luxem, Spain, UK"
"4","-","WAR","$37,549","-","17","-","$2,209","$599,414","3","USA"
"5","N"," Gone (2007)","$34,427","-","13","-","$2,648","$34,427","1","Unknown"
"6","1"," Matab sena'y","$31,912","-83.3%","18","-","$1,773","$655,418","3","Unknown"
"7","-","Bordertown","$23,051","-78.0%","15","-","$1,537","$155,412","2","USA"
"8","-","No Reservations","$15,750","-63.8%","3","-5","$5,250","$236,307","3","Unknown"
"9","-","Ratatouille","$14,131","-56.9%","4","-5","$3,533","$553,946","5","USA"
"10","-","The Bourne Ultimatum","$12,887","-59.0%","2","-2","$6,444","$1,220,950","6","Germany, USA"
"11","N","How to Eat Fried Worms","$8,197","-","6","-","$1,366","$8,197","1","Unknown"
"12","-","Hairspray (2007)","$7,787","-52.5%","1","-2","$7,787","$100,681","3","UK, USA"
"13","N","Funny Money","$7,714","-","4","-","$1,929","$7,714","1","Unknown"
"14","N","Hors de prix (Priceless)","$7,192","-","6","-","$1,199","$7,192","1","France"
"15","-"," Andaleeb AlDokki","$6,970","-85.8%","12","-","$581","$1,227,469","5","Unknown"
"16","N","Volver","$6,471","-","4","-","$1,618","$6,471","1","Spain"
"17","-","Harry Potter and the Order of the Phoenix","$4,969","-45.9%","1","-","$4,969","$1,545,751","9","Unknown"
"18","-","Stardust","$2,395","-35.9%","1","-","$2,395","$191,566","5","UK, USA"
"19","-","$2,389","-47.1%","2","-","$1,195","$1,558,866","11","USA",""
"20","-"," Grindhouse: Death Proof","$1,638","-97.6%","4","-15","$410","$86,884","2","USA"
"21","-","The Condemned","$489","-92.6%","1","-3","$489","$267,186","4","USA"
" TW"," Movie"," Weekend Gross"," Change"," Screens"," Change / Avg."," Gross-to-Date"," Week"," Production Country",""
"1"," Matab sena'y","$190,796","-29.4%","18","-","$10,600","$569,385","2","Unknown"
"2","I Now Pronounce You Chuck and Larry","$167,303","-","16","-","$10,456","$167,303","1","Unknown"
"3","Rush Hour 3","$117,557","-47.4%","15","-6","$7,837","$1,255,284","3","Unknown"
"-","Bordertown","$104,937","-","15","-","$6,996","$104,937","1","USA"
"-"," Grindhouse: Death Proof","$68,145","-","19","-","$3,587","$68,145","1","USA"
"-"," Andaleeb AlDokki","$49,168","-53.9%","12","-6","$4,097","$1,208,377","4","Unknown"
"-","No Reservations","$43,536","-64.5%","8","-7","$5,442","$207,758","2","Unknown"
"-","Ratatouille","$32,751","-42.9%","9","-1","$3,639","$533,298","4","USA"
"-","The Bourne Ultimatum","$31,422","-24.6%","4","-2","$7,856","$1,197,660","5","Germany, USA"
"-","Dnevnoy dozor (Day Watch)","$16,429","-","13","-","$1,264","$16,429","1","Russia"
"-","Hairspray (2007)","$16,399","-69.7%","3","-10","$5,466","$88,758","2","UK, USA"
"-","Harry Potter and the Order of the Phoenix","$9,176","-11.9%","1","-","$9,176","$1,538,849","8","Unknown"
"-","The Condemned","$6,593","-86.0%","4","-12","$1,648","$264,110","3","USA"
"-","$4,514","-12.8%","2","-","$2,257","$1,555,691","10","USA",""
"-","Surf's Up","$4,103","-12.2%","1","-1","$4,103","$171,005","5","USA"
"-","Stardust","$3,734","-10.4%","1","-","$3,734","$188,178","4","UK, USA"
"-","The Simpsons Movie","$2,083","-44.5%","1","-","$2,083","$475,642","7","USA"
"-","BRATZ","$180","-91.8%","1","-","$180","$115,637","6","USA"
" TW"," LW"," Movie"," Weekend Gross"," Change"," Screens"," Change / Avg."," Gross-to-Date"," Week"," Production Country",""
"-","N"," Matab sena'y","$270,266","-","18","-","$15,015","$270,266","1","Unknown"
"-","1","Rush Hour 3","$223,598","-64.9%","21","-9","$10,648","$1,063,880","2","Unknown"
"-","N","No Reservations","$122,755","-","15","-","$8,184","$122,755","1","Unknown"
"-","2"," Andaleeb AlDokki","$106,684","-48.7%","18","-1","$5,927","$1,119,831","3","Unknown"
"-","4","Ratatouille","$57,329","-38.1%","10","-6","$5,733","$481,817","3","USA"
"-","N","Hairspray (2007)","$54,195","-","13","-","$4,169","$54,195","1","UK, USA"
"-","3","The Condemned","$47,162","-65.4%","16","-3","$2,948","$242,813","2","USA"
"-","5","The Bourne Ultimatum","$41,697","-39.0%","6","-4","$6,950","$1,147,328","4","Germany, USA"
"-","10","Harry Potter and the Order of the Phoenix","$10,415","-9.0%","1","-","$10,415","$1,526,251","7","Unknown"
"-","15","$5,179","+3.7%","2","-","$2,590","$1,549,466","9","USA",""
"-","13","Surf's Up","$4,674","-24.6%","2","+1","$2,337","$165,739","4","USA"
"-","8","Stardust","$4,166","-82.5%","1","-8","$4,166","$182,752","3","UK, USA"
"-","14","The Simpsons Movie","$3,756","-32.7%","1","-","$3,756","$471,660","6","USA"
"-","11","License to Wed","$2,734","-69.6%","1","-1","$2,734","$217,676","4","Unknown"
"-","7","Nancy Drew","$2,728","-89.1%","1","-9","$2,728","$40,735","2","Unknown"
"-","16","BRATZ","$2,200","-1.6%","1","-","$2,200","$114,458","5","USA"
"-","12"," Marigold","$572","-91.8%","1","-5","$572","$98,189","3","Unknown"
" TW"," LW"," Movie"," Weekend Gross"," Change"," Screens"," Change / Avg."," Gross-to-Date"," Week"," Production Country",""
"1","N","Rush Hour 3","$637,421","-","30","-","$21,247","$637,421","1","Unknown"
"2","1"," Andaleeb AlDokki","$207,984","-61.1%","19","-","$10,947","$928,993","2","Unknown"
"3","N","The Condemned","$136,115","-","19","-","$7,164","$136,115","1","USA"
"4","3","Ratatouille","$92,613","-52.7%","16","-3","$5,788","$382,052","2","USA"
"5","2","The Bourne Ultimatum","$68,296","-66.3%","10","-12","$6,830","$1,072,016","3","Germany, USA"
"6","N","Captivity","$39,185","-","14","-","$2,799","$39,185","1","Russia, USA"
"7","N","Nancy Drew","$25,022","-","10","-","$2,502","$25,022","1","Unknown"
"8","4","Stardust","$23,848","-76.8%","9","-10","$2,650","$166,825","2","UK, USA"
"9","6","1408","$14,134","-76.3%","5","-11","$2,827","$305,974","3","USA"
"10","10","Harry Potter and the Order of the Phoenix","$11,450","-58.1%","1","-2","$11,450","$1,509,246","6","Unknown"
"11","8","License to Wed","$8,979","-75.5%","2","-9","$4,490","$209,581","3","Unknown"
"12","5"," Marigold","$7,009","-90.1%","6","-13","$1,168","$95,932","2","Unknown"
"13","9","Surf's Up","$6,199","-82.0%","1","-7","$6,199","$158,507","3","USA"
"14","11","The Simpsons Movie","$5,581","-57.2%","1","-1","$5,581","$463,661","5","USA"
"15","13","$4,995","-33.8%","2","-","$2,498","$1,541,880","8","USA",""
"16","14","BRATZ","$2,236","-70.0%","1","-","$2,236","$110,689","4","USA"
"17","7"," Bo bui gai wak (Rob-B-Hood)","$1,208","-97.6%","1","-16","$1,208","$712,897","4","Unknown"
" TW"," LW"," Movie"," Weekend Gross"," Change"," Screens"," Change / Avg."," Gross-to-Date"," Week"," Production Country",""
"1","N"," Andaleeb AlDokki","$535,061","-","19","-","$28,161","$535,061","1","Unknown"
"2","1","The Bourne Ultimatum","$202,759","-65.0%","22","-7","$9,216","$925,412","2","Germany, USA"
"3","N","Ratatouille","$195,818","-","19","-","$10,306","$195,818","1","USA"
"4","N","Stardust","$102,840","-","19","-","$5,413","$102,840","1","UK, USA"
"5","N"," Marigold","$71,112","-","19","-","$3,743","$71,112","1","Unknown"
"6","2","1408","$59,724","-59.9%","16","-2","$3,733","$262,127","2","USA"
"7","3"," Bo bui gai wak (Rob-B-Hood)","$50,327","-56.6%","17","-2","$2,960","$691,945","3","Unknown"
"8","4","License to Wed","$36,642","-62.7%","11","-4","$3,331","$181,478","2","Unknown"
"9","5","Surf's Up","$34,523","-57.8%","8","-11","$4,315","$155,516","2","USA"
"10","6","Harry Potter and the Order of the Phoenix","$27,301","-31.8%","3","-2","$9,100","$1,484,862","5","Unknown"
"11","7","The Simpsons Movie","$13,025","-59.9%","2","-3","$6,513","$449,975","4","USA"
"12","10","Fracture","$9,490","+4.3%","3","-1","$3,163","$53,385","2","Germany, USA"
"13","9","$7,540","-48.2%","2","-1","$3,770","$1,531,240","7","USA",""
"14","12","BRATZ","$7,445","+16.1%","1","-2","$7,445","$106,843","3","USA"
"15","11","Live Free or Die Hard","$1,481","-81.0%","1","-1","$1,481","$1,503,882","8","UK, USA"
"16","14"," El Ratón Pérez","$700","-69.5%","1","-","$700","$113,953","4","Argentina, Spain"
"17","17","The Last Legion","$338","-47.6%","1","-","$338","$455,223","6","France, Italy, UK"
" TW"," LW"," Movie"," Weekend Gross"," Change"," Screens"," Change / Avg."," Gross-to-Date"," Week"," Production Country",""
"1","N","The Bourne Ultimatum","$578,791","-","29","-","$19,958","$578,791","1","Germany, USA"
"2","N","1408","$148,879","-","18","-","$8,271","$148,879","1","USA"
"3","1"," Bo bui gai wak (Rob-B-Hood)","$116,071","-68.1%","19","-","$6,109","$591,486","2","Unknown"
"4","N","License to Wed","$98,291","-","15","-","$6,553","$98,291","1","Unknown"
"5","N","Surf's Up","$81,864","-","19","-","$4,309","$81,864","1","USA"
"6","2","Harry Potter and the Order of the Phoenix","$40,036","-60.0%","5","-9","$8,007","$1,438,813","4","Unknown"
"7","3","The Simpsons Movie","$32,488","-63.6%","5","-10","$6,498","$420,011","3","USA"
"8","4"," Boo (2005)","$16,436","-77.3%","6","-2","$2,739","$118,357","2","Unknown"
"9","9","$14,558","-46.7%","3","-1","$4,853","$1,514,808","6","USA",""
"10","N","Fracture","$9,100","-","4","-","$2,275","$9,100","1","Germany, USA"
"11","11","Live Free or Die Hard","$7,796","-45.2%","2","-","$3,898","$1,497,714","7","UK, USA"
"12","5","BRATZ","$6,413","-89.0%","3","-13","$2,138","$94,619","2","USA"
"13","6","Lonely Hearts","$5,137","-89.3%","4","-8","$1,284","$71,836","2","Germany, USA"
"14","10"," El Ratón Pérez","$2,298","-87.7%","1","-13","$2,298","$112,516","3","Argentina, Spain"
"15","7","Mr. Brooks","$1,118","-97.6%","1","-14","$1,118","$243,448","3","USA"
"16","15","Shrek the Third","$1,048","-65.3%","1","-","$1,048","$1,405,268","10","USA"
"17","14","The Last Legion","$645","-80.5%","1","-1","$645","$454,379","5","France, Italy, UK"
"18","17","Next","$418","-76.2%","1","-","$418","$533,521","8","USA"
" TW"," LW"," Movie"," Weekend Gross"," Change"," Screens"," Change / Avg."," Gross-to-Date"," Week"," Production Country",""
"1","N"," Bo bui gai wak (Rob-B-Hood)","$364,247","-","19","-","$19,171","$364,247","1","Unknown"
"2","1","Harry Potter and the Order of the Phoenix","$100,097","-54.8%","14","-15","$7,150","$1,351,884","3","Unknown"
"3","2","The Simpsons Movie","$89,176","-52.2%","15","-4","$5,945","$346,526","2","USA"
"4","N"," Boo (2005)","$72,505","-","8","-","$9,063","$72,505","1","Unknown"
"5","N","BRATZ","$58,468","-","16","-","$3,654","$58,468","1","USA"
"6","N","Lonely Hearts","$47,973","-","12","-","$3,998","$47,973","1","Germany, USA"
"7","3","Mr. Brooks","$45,819","-66.5%","15","-3","$3,055","$224,435","2","USA"
"8","4","Vacancy","$40,870","-64.9%","14","-","$2,919","$205,001","2","Unknown"
"9","5","$27,294","-54.3%","4","-7","$6,824","$1,485,033","5","USA",""
"10","6"," El Ratón Pérez","$18,665","-65.9%","14","-5","$1,333","$102,003","2","Argentina, Spain"
"11","8","Live Free or Die Hard","$14,222","-52.0%","2","-2","$7,111","$1,482,123","6","UK, USA"
"12","N","Goya's Ghosts","$11,050","-","4","-","$2,763","$11,050","1","Spain, USA"
"13","9"," Kessat Al Hay Al Shaabi","$7,122","-69.2%","4","-2","$1,781","$81,672","3","Unknown"
"14","10","The Last Legion","$3,311","-85.0%","2","-8","$1,656","$452,577","4","France, Italy, UK"
"15","13","Shrek the Third","$3,017","-43.6%","1","-1","$3,017","$1,401,961","9","USA"
"16","7","Rise: Blood Hunter","$2,400","-94.4%","3","-13","$800","$222,629","3","NZ, USA"
"17","15","Next","$1,756","-30.9%","1","-","$1,756","$532,360","7","USA"
"18","16","Harsh Times","$1,028","-43.8%","1","-1","$1,028","$85,359","4","Unknown"
" TW"," LW"," Movie"," Weekend Gross"," Change"," Screens"," Change / Avg."," Gross-to-Date"," Week"," Production Country",""
"1","1","Harry Potter and the Order of the Phoenix","$221,262","-71.2%","29","-6","$7,630","$1,172,066","2","Unknown"
"2","N","The Simpsons Movie","$186,382","-","19","-","$9,810","$186,382","1","USA"
"3","N","Mr. Brooks","$136,655","-","18","-","$7,592","$136,655","1","USA"
"4","N","Vacancy","$116,353","-","14","-","$8,311","$116,353","1","Unknown"
"5","3","$59,704","-33.4%","11","-3","$5,428","$1,430,278","4","USA",""
"6","N"," El Ratón Pérez","$54,710","-","19","-","$2,879","$54,710","1","Argentina, Spain"
"7","2","Rise: Blood Hunter","$42,954","-63.9%","16","-3","$2,685","$202,578","2","NZ, USA"
"8","5","Live Free or Die Hard","$29,644","-35.4%","4","-2","$7,411","$1,453,081","5","UK, USA"
"9","8"," Kessat Al Hay Al Shaabi","$23,114","-11.6%","6","+1","$3,852","$62,263","2","Unknown"
"10","4","The Last Legion","$22,022","-65.9%","10","-9","$2,202","$440,096","3","France, Italy, UK"
"11","7","The Number 23","$13,216","-50.3%","3","-1","$4,405","$149,447","3","USA"
"12","10","Ocean's Thirteen","$8,180","-19.5%","2","-","$4,090","$1,022,501","8","Unknown"
"13","11","Shrek the Third","$5,347","-43.5%","2","-","$2,674","$1,395,504","8","USA"
"14","9"," Big Nothing","$4,245","-76.7%","1","-2","$4,245","$31,133","2","Unknown"
"15","16","Next","$2,542","-12.3%","1","-","$2,542","$529,603","6","USA"
"16","12","Harsh Times","$1,828","-77.1%","2","-1","$914","$83,356","3","Unknown"
"17","15"," Shark Bait (a.k.a. The Reef)","$1,646","-65.7%","1","-1","$1,646","$115,278","4","Unknown"
"18","18","Premonition","$1,017","-54.8%","1","-","$1,017","$199,555","5","USA"
"19","13"," Ayazon","$1,005","-84.7%","1","-2","$1,005","$215,765","3","Egypt"
" TW"," LW"," Movie"," Weekend Gross"," Change"," Screens"," Change / Avg."," Gross-to-Date"," Week"," Production Country",""
"1","N","Harry Potter and the Order of the Phoenix","$767,539","-","35","-","$21,930","$767,539","1","Unknown"
"2","N","Rise: Blood Hunter","$118,933","-","19","-","$6,260","$118,933","1","NZ, USA"
"3","2","$89,690","-64.8%","14","-22","$6,406","$1,330,252","3","USA",""
"4","1","The Last Legion","$64,572","-75.1%","19","-8","$3,399","$392,746","2","France, Italy, UK"
"5","3","Live Free or Die Hard","$45,902","-57.6%","6","-11","$7,650","$1,402,561","4","UK, USA"
"6","N"," Grindhouse: Planet Terror","$35,884","-","18","-","$1,994","$35,884","1","USA"
"7","4","The Number 23","$26,566","-62.6%","4","-","$6,642","$121,404","2","USA"
"8","N"," Kessat Al Hay Al Shaabi","$26,131","-","5","-","$5,226","$26,131","1","Unknown"
"9","N"," Big Nothing","$18,227","-","3","-","$6,076","$18,227","1","Unknown"
"10","-","Ocean's Thirteen","$10,155","-23.7%","2","-","$5,078","$1,010,092","7","Unknown"
"11","-","Shrek the Third","$9,460","-40.8%","2","-3","$4,730","$1,385,086","7","USA"
"12","5","Harsh Times","$7,965","-83.9%","3","-9","$2,655","$78,043","2","Unknown"
"13","6"," Ayazon","$6,567","-85.2%","3","-7","$2,189","$210,569","2","Egypt"
"14","7","Lucky You","$5,632","-85.2%","3","-7","$1,877","$57,671","2","Unknown"
"15","8"," Shark Bait (a.k.a. The Reef)","$4,800","-81.8%","2","-7","$2,400","$110,847","3","Unknown"
"16","-","Next","$2,900","+1.9%","1","-","$2,900","$525,752","5","USA"
"17","-","Fantastic Four: Rise of the Silver Surfer","$2,719","-82.3%","1","-2","$2,719","$878,378","6","Germany, UK, USA"
"18","-","Premonition","$2,250","-83.4%","1","-9","$2,250","$197,540","4","USA"
" TW"," LW"," Movie"," Weekend Gross"," Change"," Screens"," Change / Avg."," Gross-to-Date"," Week"," Production Country",""
"1","N","The Last Legion","$259,503","-","27","-","$9,611","$259,503","1","France, Italy, UK"
"2","1","$254,834","-64.6%","36","-1","$7,079","$1,155,952","2","USA",""
"3","2","Live Free or Die Hard","$108,369","-58.5%","17","-20","$6,375","$1,314,118","3","UK, USA"
"4","N","The Number 23","$71,005","-","4","-","$17,751","$71,005","1","USA"
"5","N","Harsh Times","$49,347","-","12","-","$4,112","$49,347","1","Unknown"
"6","N"," Ayazon","$44,375","-","10","-","$4,438","$179,925","1","Egypt"
"7","N","Lucky You","$38,023","-","10","-","$3,802","$38,023","1","Unknown"
"8","-"," Shark Bait (a.k.a. The Reef)","$26,324","-44.2%","9","-5","$2,925","$95,400","2","Unknown"
"-","-","Shrek the Third","$15,966","-54.7%","5","-8","$3,193","$1,365,412","6","USA"
"-","-","Fantastic Four: Rise of the Silver Surfer","$15,383","-25.3%","3","-","$5,128","$868,522","5","Germany, UK, USA"
"-","-","Premonition","$13,590","-66.1%","10","-4","$1,359","$189,760","3","USA"
"-","-","Ocean's Thirteen","$13,300","-30.4%","2","-1","$6,650","$993,931","6","Unknown"
"-","-","Miss Potter","$9,332","-63.8%","8","-4","$1,167","$46,666","2","UK, USA"
"-","-","Meet the Robinsons","$3,471","-80.2%","2","-7","$1,736","$125,084","3","USA"
"-","-","Pirates of the Caribbean: At World's End","$3,320","-9.3%","1","-","$3,320","$1,716,451","8","Unknown"
"-","-","Next","$2,847","-87.5%","1","-9","$2,847","$521,734","4","USA"
"-","-"," Wilderness","$197","-78.5%","1","-","$197","$98,996","4","Unknown"
" TW"," LW"," Movie"," Weekend Gross"," Change"," Screens"," Change / Avg."," Gross-to-Date"," Week"," Production Country"
"1","N","$719,703","-","37","-","$19,451","$719,703","1","USA"
"2","1","Live Free or Die Hard","$261,325","-60.5%","37","-","$7,063","$1,115,911","2"
"-","N"," Shark Bait (a.k.a. The Reef)","$47,147","-","14","-","$3,368","$47,147","1"
"-","-","Premonition","$40,139","-","14","-","$2,867","$160,910","2"
"-","-","Shrek the Third","$35,242","-46.3%","13","-2","$2,711","$1,332,022","5"
"-","N","Miss Potter","$25,809","-","12","-","$2,151","$25,809","1"
"-","-","Next","$22,685","-69.5%","10","-8","$2,269","$506,974","3"
"-","-","Fantastic Four: Rise of the Silver Surfer","$20,602","-68.8%","3","-13","$6,867","$843,574","4"
"-","-","Ocean's Thirteen","$19,102","-34.1%","3","-2","$6,367","$971,973","5"
"-","-","Meet the Robinsons","$17,553","-73.5%","9","-4","$1,950","$112,776","2"
"-","N","Fast Food Nation","$6,462","-","2","-","$3,231","$6,462","1"
"-","-","Pirates of the Caribbean: At World's End","$3,662","-66.2%","1","-2","$3,662","$1,711,562","7"
"-","-"," Al Rahinah (The Hostage)","$3,048","-77.7%","1","-4","$3,048","$54,939","3"
"-","-"," Wilderness","$915","-93.2%","1","-7","$915","$98,021","3"
"-","-","TMNT","$543","-96.3%","1","-6","$543","$104,307","3"
" TW"," LW"," Movie"," Weekend Gross"," Change"," Screens"," Change / Avg."," Gross-to-Date"," Week"," Production Country",""
"1","N","Live Free or Die Hard","$661,722","-","37","-","$17,884","$661,722","1","UK, USA"
"-","1","Next","$74,425","-74.9%","18","-1","$4,135","$452,507","2","USA"
"-","N","Meet the Robinsons","$66,172","-","13","-","$5,090","$66,172","1","USA"
"-","2","Fantastic Four: Rise of the Silver Surfer","$66,126","-59.7%","16","-4","$4,133","$793,046","3","Germany, UK, USA"
"-","3","Shrek the Third","$65,585","-49.9%","15","-5","$4,372","$1,264,888","4","USA"
"-","5","Ocean's Thirteen","$28,992","-58.3%","5","-4","$5,798","$940,076","4","Unknown"
"-","4","Stomp the Yard","$21,205","-79.2%","6","-8","$3,534","$165,013","2","Unknown"
"-","6","TMNT","$14,726","-75.2%","7","-5","$2,104","$97,416","2","HK, USA"
"-","11"," Al Rahinah (The Hostage)","$13,663","-36.2%","5","+2","$2,733","$44,018","2","Unknown"
"-","8"," Wilderness","$13,441","-75.2%","8","-2","$1,680","$89,200","2","Unknown"
"-","10","Pirates of the Caribbean: At World's End","$10,842","-53.4%","3","-2","$3,614","$1,702,491","6","Unknown"
"-","9","It's a Boy Girl Thing","$8,687","-65.0%","1","-3","$8,687","$47,728","2","Canada, UK"
"-","7","Dead Silence","$5,579","-90.0%","4","-14","$1,395","$168,526","3","USA"
"-","13","Blood and Chocolate","$1,024","-75.6%","1","-5","$1,024","$168,526","4","UK"
"-","17","The Good Shepherd","$523","+9.4%","1","-","$523","$165,024","11","Unknown"
" TW"," LW"," Movie"," Weekend Gross"," Change"," Screens"," Change / Avg."," Gross-to-Date"," Week"," Production Country",""
"1","N","Next","$296,251","-","19","-","$15,592","$296,251","1","USA"
"2","1","Fantastic Four: Rise of the Silver Surfer","$163,925","-59.2%","20","-","$8,196","$674,528","2","Germany, UK, USA"
"3","2","Shrek the Third","$131,016","-44.5%","20","-2","$6,551","$1,148,917","3","USA"
"4","N","Stomp the Yard","$101,983","-","14","-","$7,285","$101,983","1","Unknown"
"5","3","Ocean's Thirteen","$69,592","-62.9%","9","-10","$7,732","$894,595","3","Unknown"
"6","N","TMNT","$59,427","-","12","-","$4,952","$59,427","1","HK, USA"
"7","4","Dead Silence","$55,914","-60.7%","18","-1","$3,106","$252,344","2","USA"
"8","N"," Wilderness","$54,176","-","10","-","$5,418","$54,176","1","Unknown"
"9","N","It's a Boy Girl Thing","$24,830","-","4","-","$6,208","$24,830","1","Canada, UK"
"10","5","Pirates of the Caribbean: At World's End","$23,271","-51.7%","5","-9","$4,654","$1,682,201","5","Unknown"
"11","N"," Al Rahinah (The Hostage)","$21,403","-","3","-","$7,134","$21,403","1","Unknown"
"12","6","Shadowboxer","$7,482","-78.5%","6","-5","$1,247","$55,312","2","Unknown"
"13","7","Blood and Chocolate","$4,199","-84.6%","6","-9","$700","$165,382","3","UK"
"14","9","Spider-Man 3","$3,766","-63.6%","1","-2","$3,766","$2,321,115","8","USA"
"15","14","Bridge to Terabithia","$903","+78.1%","1","-","$903","$243,879","7","USA"
"16","12","Haven","$712","-34.4%","1","-","$712","$38,480","4","Unknown"
"17","13","The Good Shepherd","$478","-45.3%","1","-","$478","$164,259","10","Unknown"
" TW"," LW"," Movie"," Weekend Gross"," Change"," Screens"," Change / Avg."," Gross-to-Date"," Week"," Production Country",""
"1","N","Fantastic Four: Rise of the Silver Surfer","$401,879","-","20","-","$20,094","$401,879","1","Germany, UK, USA"
"2","1","Shrek the Third","$235,975","-57.8%","22","-7","$10,726","$941,296","2","USA"
"3","2","Ocean's Thirteen","$187,515","-56.5%","19","-","$9,869","$748,263","2","Unknown"
"4","N","Dead Silence","$142,090","-","19","-","$7,478","$142,090","1","USA"
"5","3","Pirates of the Caribbean: At World's End","$48,216","-63.5%","14","-5","$3,444","$1,638,026","4","Unknown"
"6","N","Shadowboxer","$34,767","-","11","-","$3,161","$34,767","1","Unknown"
"7","4","Blood and Chocolate","$27,237","-69.2%","15","-","$1,816","$149,308","2","UK"
"8","5","28 Weeks Later","$22,595","-69.4%","6","-5","$3,766","$127,748","2","Spain, UK"
"9","8","Spider-Man 3","$10,343","-43.8%","3","-1","$3,448","$2,312,941","7","USA"
"10","6","Pathfinder: Legend of the Ghost Warrior","$7,618","-87.6%","4","-15","$1,905","$341,981","3","Canada, USA"
"11","9","Zodiac","$2,733","-82.9%","1","-4","$2,733","$142,688","3","USA"
"12","11","Haven","$1,085","-34.2%","1","-2","$1,085","$37,474","3","Unknown"
"13","14","The Good Shepherd","$874","+71.0%","1","-","$874","$163,454","9","Unknown"
"14","13","Bridge to Terabithia","$507","-60.9%","1","-","$507","$242,847","6","USA"
" TW"," LW"," Movie"," Weekend Gross"," Change"," Screens"," Change / Avg."," Gross-to-Date"," Week"," Production Country",""
"1","N","Shrek the Third","$559,532","-","29","-","$19,294","$559,532","1","USA"
"2","N","Ocean's Thirteen","$431,477","-","19","-","$22,709","$431,477","1","Unknown"
"3","1","Pirates of the Caribbean: At World's End","$132,146","-60.6%","19","-15","$6,955","$1,545,051","3","Unknown"
"4","N","Blood and Chocolate","$88,297","-","15","-","$5,886","$88,297","1","UK"
"5","N","28 Weeks Later","$73,765","-","11","-","$6,706","$73,765","1","Spain, UK"
"6","2","Pathfinder: Legend of the Ghost Warrior","$61,623","-67.4%","19","-","$3,243","$309,627","2","Canada, USA"
"7","3","Black Snake Moan","$23,248","-78.3%","13","-6","$1,788","$166,805","2","Unknown"
"8","5","Spider-Man 3","$18,399","-52.6%","4","-3","$4,600","$2,295,824","6","USA"
"9","4","Zodiac","$15,983","-81.3%","5","-14","$3,197","$132,687","2","USA"
"10","N"," Alayya el Tarab Biltalata","$10,245","-","6","-","$1,708","$10,245","1","Unknown"
"11","-","Haven","$1,648","-","3","-","$549","$35,422","2","Unknown"
"12","-","The Breed","$1,547","-49.9%","1","-2","$1,547","$182,480","4","Unknown"
"13","-","Bridge to Terabithia","$1,295","-91.5%","1","-8","$1,295","$241,944","5","USA"
"14","-","The Good Shepherd","$511","-63.3%","1","-","$511","$162,043","8","Unknown"
" TW"," LW"," Movie"," Weekend Gross"," Change"," Screens"," Change / Avg."," Gross-to-Date"," Week"," Production Country",""
"1","1","Pirates of the Caribbean: At World's End","$335,409","-58.8%","34","-4","$9,865","$1,315,993","2","Unknown"
"2","N","Pathfinder: Legend of the Ghost Warrior","$188,962","-","19","-","$9,945","$188,962","1","Canada, USA"
"3","N","Black Snake Moan","$107,300","-","19","-","$5,647","$107,300","1","Unknown"
"4","N","Zodiac","$85,388","-","19","-","$4,494","$85,388","1","USA"
"5","2","Spider-Man 3","$38,822","-49.9%","7","-9","$5,546","$2,264,147","5","USA"
"6","N","Breach","$23,239","-","8","-","$2,905","$23,239","1","Unknown"
"-","6","Bridge to Terabithia","$15,217","-29.2%","9","-9","$1,691","$237,589","4","USA"
"-","N"," Wahed Cappuccino","$8,468","-","8","-","$1,059","$8,468","1","Unknown"
"-","5","Hot Fuzz","$6,830","-77.1%","4","-11","$1,708","$162,612","3","France, UK"
"-","8","Are We Done Yet?","$5,896","-5.8%","1","-","$5,896","$235,474","6","Unknown"
"-","3","The Breed","$3,088","-91.6%","3","-14","$1,029","$179,599","3","Unknown"
"-","-","Shooter","$2,120","-20.3%","1","-","$2,120","$677,091","8","Unknown"
"-","-","Disturbia","$1,573","-25.6%","1","-","$1,573","$357,260","6","Unknown"
"-","-","Blades of Glory","$1,532","+114.0%","1","-","$1,532","$91,707","7","Unknown"
"-","-","The Good Shepherd","$1,392","-21.4%","1","-","$1,392","$181,169","7","Unknown"
" TW"," LW"," Movie"," Weekend Gross"," Change"," Screens"," Change / Avg."," Gross-to-Date"," Week",""
"1","N","Pirates of the Caribbean: At World's End","$814,025","-","38","-","$21,422","$814,025","1"
"2","1","Spider-Man 3","$77,524","-62.6%","16","-8","$4,845","$2,203,255","4"
"3","3","The Breed","$36,656","-61.6%","17","+3","$2,156","$159,375","2"
"4","2","The Hills Have Eyes 2","$36,083","-69.0%","13","-","$2,776","$185,024","2"
"5","4","Hot Fuzz","$29,808","-66.5%","15","-4","$1,987","$142,362","2"
"6","6","Bridge to Terabithia","$21,478","-66.1%","18","-","$1,193","$214,936","3"
"7","5"," Until Death","$19,128","-72.9%","10","-","$1,913","$109,348","2"
"8","10","Are We Done Yet?","$6,261","-38.5%","1","-1","$6,261","$227,060","5"
"-","14","Shooter","$2,659","-50.4%","1","-1","$2,659","$673,786","7"
"-","11"," Zay Al Hawa","$2,410","-70.3%","3","-4","$803","$13,575","2"
"-","9","Disturbia","$2,113","-80.1%","1","-3","$2,113","$354,673","5"
"-","16","The Good Shepherd","$1,772","-24.3%","1","-","$1,772","$159,096","6"
"-","8","Flyboys","$1,582","-91.5%","4","-11","$396","$107,945","3"
"-","12","Mr. Bean's Holiday","$1,265","-83.5%","2","-2","$633","$1,328,061","8"
"-","17","Blades of Glory","$716","-66.1%","1","-","$716","$89,467","6"
" TW"," LW"," Movie"," Weekend Gross"," Change"," Screens"," Change / Avg."," Gross-to-Date"," Week",""
"1","1","Spider-Man 3","$207,231","-57.2%","24","-11","$8,635","$2,088,218","3"
"2","N","The Hills Have Eyes 2","$116,226","-","13","-","$8,940","$116,226","1"
"3","N","The Breed","$95,345","-","14","-","$6,810","$95,345","1"
"4","N","Hot Fuzz","$89,039","-","19","-","$4,686","$89,039","1"
"5","N"," Until Death","$70,523","-","10","-","$7,052","$70,523","1"
"6","3","Bridge to Terabithia","$63,352","-37.1%","18","-1","$3,520","$184,560","2"
"7","2","Reno 911!: Miami","$26,712","-79.9%","15","-4","$1,781","$185,304","2"
"8","4","Flyboys","$18,705","-71.3%","15","-4","$1,247","$102,159","2"
"9","5","Disturbia","$10,616","-74.8%","4","-7","$2,654","$348,669","4"
"10","6","Are We Done Yet?","$10,184","-51.3%","2","-1","$5,092","$219,070","4"
"11","N"," Zay Al Hawa","$8,101","-","7","-","$1,157","$8,101","1"
"12","9","Mr. Bean's Holiday","$7,647","-55.0%","4","-3","$1,912","$1,325,465","7"
"13","8","Wild Hogs","$6,853","-59.9%","2","-2","$3,427","$525,513","5"
"14","7","Shooter","$5,365","-68.8%","2","-2","$2,683","$669,387","6"
"15","-","Happy Feet","$2,580","+19.9%","1","-","$2,580","$605,597","22"
"16","-","The Good Shepherd","$2,341","-55.0%","1","-1","$2,341","$156,771","5"
"17","-","Blades of Glory","$2,113","-18.8%","1","-","$2,113","$88,029","5"
"18","10"," The Trail","$803","-93.1%","1","-5","$803","$36,948","3"
"19","-","Hannibal Rising","$791","-7.1%","1","-","$791","$310,814","9"
"20","-"," Lasko Death Train","$576","-83.1%","1","-","$576","$107,822","4"
" TW"," LW"," Movie"," Weekend Gross"," Change"," Screens"," Change / Avg."," Gross-to-Date"," Week",""
"1","1","Spider-Man 3","$483,603","-56.5%","35","-2","$13,817","$1,795,131","2"
"2","N","Reno 911!: Miami","$133,104","-","19","-","$7,005","$133,104","1"
"3","N","Bridge to Terabithia","$100,759","-","19","-","$5,303","$100,759","1"
"4","N","Flyboys","$65,152","-","19","-","$3,429","$65,152","1"
"5","2","Disturbia","$42,088","-43.0%","11","-8","$3,826","$322,909","3"
"6","4","Are We Done Yet?","$20,917","-52.1%","3","-7","$6,972","$204,369","3"
"7","7","Shooter","$17,213","-34.8%","4","-5","$4,303","$657,280","5"
"8","5","Wild Hogs","$17,106","-46.8%","4","-2","$4,277","$510,437","4"
"9","6","Mr. Bean's Holiday","$17,000","-44.5%","7","-8","$2,429","$1,313,747","6"
"10","9"," The Trail","$11,582","-23.9%","6","-1","$1,930","$32,519","2"
"11","3"," Taxi 4","$10,633","-77.2%","3","-13","$3,544","$258,925","3"
"-","11","The Good Shepherd","$5,196","-40.0%","2","-2","$2,598","$152,907","4"
"-","8"," Lasko Death Train","$3,407","-79.6%","1","-12","$3,407","$106,817","3"
"-","13","Music and Lyrics","$3,300","-23.4%","1","-","$3,300","$228,812","5"
"-","15","Blades of Glory","$2,603","-14.5%","1","-","$2,603","$84,960","4"
"-","17","Happy Feet","$2,151","+25.4%","1","-","$2,151","$601,697","21"
"-","19","Happily N'Ever After","$1,341","+23.1%","1","-","$1,341","$135,443","8"
"-","10"," ABDO Mawasem","$1,005","-92.0%","1","-9","$1,005","$18,748","2"
"-","14","Provoked: A True Story","$941","-71.0%","1","-","$941","$135,209","6"
"-","18","Hannibal Rising","$851","-23.2%","1","-","$851","$309,680","8"
" TW"," LW"," Movie"," Weekend Gross"," Change"," Screens"," Change / Avg."," Gross-to-Date"," Week"," Production Country",""
"1","N","Spider-Man 3","$1,112,274","-","37","-","$30,061","$1,112,274","1","USA"
"2","2","Disturbia","$73,855","-47.8%","19","-","$3,887","$257,544","2","Unknown"
"3","1"," Taxi 4","$46,542","-70.7%","16","-2","$2,909","$235,289","2","France"
"4","3","Are We Done Yet?","$43,707","-60.3%","10","-6","$4,371","$175,181","2","Unknown"
"5","4","Wild Hogs","$32,135","-65.4%","6","-13","$5,356","$479,961","3","Unknown"
"6","6","Mr. Bean's Holiday","$30,624","-45.6%","15","-","$2,042","$1,286,150","5","Unknown"
"7","7","Shooter","$26,385","-45.5%","9","-1","$2,932","$628,871","4","Unknown"
"8","5"," Lasko Death Train","$16,736","-72.3%","13","-2","$1,287","$95,836","2","Unknown"
"9","N"," The Trail","$15,214","-","7","-","$2,173","$15,214","1","Unknown"
"10","N"," ABDO Mawasem","$12,479","-","10","-","$1,248","$12,479","1","Unknown"
"11","9","The Good Shepherd","$8,666","-62.9%","4","-6","$2,167","$144,924","3","Unknown"
"12","N","Death of a President","$5,583","-","2","-","$2,792","$5,583","1","UK"
"13","10","Music and Lyrics","$4,310","-71.5%","1","-3","$4,310","$224,074","4","Unknown"
"14","20","Provoked: A True Story","$3,241","+395.6%","1","-","$3,241","$132,869","5","Unknown"
"15","11","Blades of Glory","$3,045","-69.0%","1","-2","$3,045","$81,292","3","Unknown"
"16","8","The Reaping","$2,401","-91.8%","1","-10","$2,401","$202,533","3","USA"
"17","14","Happy Feet","$1,715","-21.9%","1","-","$1,715","$599,247","20","Australia, USA"
"18","17","Hannibal Rising","$1,108","-15.2%","1","-","$1,108","$308,278","7","Czech, France, Italy, UK"
"19","16","Happily N'Ever After","$1,089","-22.1%","1","-","$1,089","$133,898","7","Germany, USA"
"20","19","The Namesake","$381","-50.1%","1","-","$381","$84,364","7","India, USA"
"21","18","Norbit","$340","-68.4%","1","-","$340","$870,065","8","Unknown"
" TW"," LW"," Movie"," Weekend Gross"," Change"," Screens"," Change / Avg."," Gross-to-Date"," Week",""
"1","N"," Taxi 4","$158,697","-","18","-","$8,817","$158,697","1"
"2","N","Disturbia","$141,354","-","19","-","$7,440","$141,354","1"
"3","N","Are We Done Yet?","$110,189","-","16","-","$6,887","$110,189","1"
"4","1","Wild Hogs","$92,834","-65.3%","19","-","$4,886","$417,482","2"
"5","N"," Lasko Death Train","$60,364","-","15","-","$4,024","$60,364","1"
"6","3","Mr. Bean's Holiday","$56,256","-47.5%","15","-2","$3,750","$1,242,583","4"
"7","4","Shooter","$48,397","-53.4%","10","-7","$4,840","$583,978","3"
"8","2","The Reaping","$29,187","-76.7%","11","-8","$2,653","$187,930","2"
"9","5","The Good Shepherd","$23,374","-72.0%","10","-17","$2,337","$129,061","2"
"10","7","Music and Lyrics","$15,099","-64.4%","4","-8","$3,775","$241,806","3"
"11","6","Blades of Glory","$9,834","-79.9%","3","-16","$3,278","$75,386","2"
"12","9","300","$5,554","-75.8%","2","-3","$2,777","$1,482,071","6"
"13","N"," Bahebak Bamout Feek","$3,244","-","3","-","$1,081","$3,244","1"
"14","15","Happy Feet","$2,195","+5.6%","1","-","$2,195","$597,200","19"
"15","8","Perfect Stranger","$1,698","-94.9%","1","-11","$1,698","$201,627","3"
"16","14","Happily N'Ever After","$1,397","-44.4%","1","-","$1,397","$132,444","6"
"17","18","Hannibal Rising","$1,306","-32.8%","1","-1","$1,306","$306,756","6"
"18","11","Norbit","$1,077","-81.8%","1","-1","$1,077","$869,730","7"
"19","16","The Namesake","$764","-61.4%","1","-","$764","$83,594","6"
"20","13","Provoked: A True Story","$654","-85.7%","1","-1","$654","$129,082","4"
" TW"," LW"," Movie"," Weekend Gross"," Change"," Screens"," Change / Avg."," Gross-to-Date"," Week",""
"1","N","Wild Hogs","$267,194","-","19","-","$14,063","$267,194","1"
"2","N","The Reaping","$125,086","-","19","-","$6,583","$125,086","1"
"3","2","Mr. Bean's Holiday","$107,112","-58.7%","17","-4","$6,301","$1,163,993","3"
"4","1","Shooter","$103,762","-67.1%","17","-2","$6,104","$506,047","2"
"5","N","The Good Shepherd","$83,413","-","27","-","$3,089","$83,413","1"
"6","N","Blades of Glory","$48,977","-","19","-","$2,578","$48,977","1"
"7","4","Music and Lyrics","$42,432","-62.1%","12","-3","$3,536","$186,599","2"
"8","3","Perfect Stranger","$33,166","-71.6%","12","-7","$2,764","$188,925","2"
"9","5","300","$22,991","-57.5%","5","-5","$4,598","$15,738","5"
"10","N"," An el ashq wel hawa","$15,738","-","6","-","$2,623","$15,738","1"
"11","8","Norbit","$5,930","-68.4%","2","-2","$2,965","$867,076","6"
"12","N"," River Queen","$5,447","-","2","-","$2,724","$5,447","1"
"13","6","Provoked: A True Story","$4,567","-80.9%","2","-11","$2,284","$126,864","3"
"14","-","Happily N'Ever After","$2,511","+10.6%","1","-","$2,511","$130,772","5"
"15","-","Happy Feet","$2,078","-24.1%","1","-","$2,078","$594,419","18"
"16","-","The Namesake","$1,981","-62.4%","1","-2","$1,981","$82,177","5"
"17","9","The Painted Veil","$1,964","-87.2%","1","-8","$1,964","$23,450","2"
"18","-","Hannibal Rising","$1,942","-42.3%","2","-","$971","$304,819","5"
"19","-","The Deal","$754","-","1","-","$754","$20,035","2"
"20","7","Tom yum goong (The Protector)","$586","-96.9%","1","-14","$586","$348,054","4"
