" TW"," LW"," Movie"," Studio"," Weekend Gross"," Change"," Screens"," Change / Avg."," Gross-to-Date"," Week",""
"1","2","Mission: Impossible - Ghost Protocol","UIP","$603,380","-29.6%","115","-29","$5,247","$4,455,670","3"
"2","1","Sherlock Holmes: A Game of Shadows","WB","$560,318","-36.2%","104","-38","$5,388","$2,166,542","2"
"3","N","Jack and Jill","Sony","$161,772","-","37","-","$4,372","$172,809","1"
"-","-","Happy Feet Two","WB","$8,355","-59.8%","6","-9","$1,393","$575,708","4"
"-","-","Puss in Boots","UIP","$1,961","-44.1%","1","-4","$1,961","$993,944","6"
"-","-","The Adventures of Tintin","PPI","$1,126","-0.5%","1","-","$1,126","$1,980,320","8"
" TW"," LW"," Movie"," Studio"," Weekend Gross"," Change"," Screens"," Change / Avg."," Gross-to-Date"," Week",""
"1","N","Sherlock Holmes: A Game of Shadows","WB","$878,475","-","142","-","$6,186","$878,475","1"
"2","1","Mission: Impossible - Ghost Protocol","UIP","$856,917","-39.2%","144","-64","$5,951","$3,182,691","2"
"-","2","Happy Feet Two","WB","$20,785","-79.4%","15","-24","$1,386","$554,597","3"
"-","3","Puss in Boots","UIP","$3,507","-90.5%","5","-15","$701","$998,243","5"
"-","4","Arthur Christmas","Sony","$2,687","-80.1%","3","-5","$896","$246,263","4"
"-","5","The Adventures of Tintin","PPI","$1,132","-72.3%","1","-1","$1,132","$1,996,437","7"
" TW"," LW"," Movie"," Studio"," Weekend Gross"," Change"," Screens"," Change / Avg."," Gross-to-Date"," Week",""
"1","N","Mission: Impossible - Ghost Protocol","UIP","$1,409,322","-","208","-","$6,776","$1,409,322","1"
"2","1","Happy Feet Two","WB","$100,828","-60.7%","39","-32","$2,585","$479,406","2"
"3","2","Puss in Boots","UIP","$37,067","-65.4%","20","-9","$1,853","$971,605","4"
"4","3","Arthur Christmas","Sony","$13,471","-72.3%","8","-33","$1,684","$240,777","3"
"5","4","The Adventures of Tintin","PPI","$4,088","-88.1%","2","-9","$2,044","$1,992,560","6"
"6","-","Real Steel","Disney","$458","-66.5%","1","-1","$458","$2,154,893","8"
"7","-","Final Destination 5","WB","$314","-80.0%","1","-1","$314","$2,814,779","13"
" TW"," LW"," Movie"," Studio"," Weekend Gross"," Change"," Screens"," Change / Avg."," Gross-to-Date"," Week",""
"1","N","Happy Feet Two","WB","$256,373","-","71","-","$3,611","$256,373","1"
"2","1","Puss in Boots","UIP","$106,995","-48.1%","29","-21","$3,689","$890,825","3"
"3","2","Arthur Christmas","Sony","$48,643","-66.0%","41","-30","$1,186","$220,237","2"
"4","3","The Adventures of Tintin","PPI","$34,448","-62.1%","11","-17","$3,132","$1,971,978","5"
"-","7","Final Destination 5","WB","$1,573","+201.3%","2","+1","$787","$2,813,077","12"
"-","4","Real Steel","Disney","$1,365","-91.2%","2","-6","$683","$2,153,393","7"
"-","8","Johnny English Reborn","UIP","$1,201","+312.7%","2","+1","$601","$2,458,666","7"
" TW"," LW"," Movie"," Studio"," Weekend Gross"," Change"," Screens"," Change / Avg."," Gross-to-Date"," Week",""
"1","1","Puss in Boots","UIP","$206,282","-45.7%","50","-31","$4,126","$709,472","2"
"2","N","Arthur Christmas","Sony","$142,992","-","71","-","$2,014","$142,992","1"
"3","2","The Adventures of Tintin","PPI","$90,882","-58.1%","28","-22","$3,246","$1,903,632","4"
"4","-","Real Steel","Disney","$15,493","-54.7%","8","-4","$1,937","$2,147,387","6"
"5","-","Contagion","WB","$10,146","-68.3%","4","-12","$2,537","$233,916","3"
"6","-","Pirates of the Caribbean: On Stranger Tides (3D)","Disney","$883","+26.5%","1","-","$883","$1,309,600","10"
"7","-","Final Destination 5","WB","$522","-64.8%","1","-1","$522","$2,810,839","11"
"8","-","Johnny English Reborn","UIP","$291","-97.8%","1","-12","$291","$2,457,429","6"
" TW"," LW"," Movie"," Studio"," Weekend Gross"," Change"," Screens"," Change / Avg."," Gross-to-Date"," Week",""
"1","N","Puss in Boots","UIP","$379,690","-","81","-","$4,688","$379,690","1"
"2","1","The Adventures of Tintin","PPI","$216,787","-46.6%","50","-41","$4,336","$1,756,122","3"
"-","2","Real Steel","Disney","$34,209","-70.1%","12","-24","$2,851","$2,132,103","5"
"-","3","Contagion","WB","$32,030","-69.3%","16","-39","$2,002","$215,277","2"
"-","4","Johnny English Reborn","UIP","$13,453","-67.4%","13","-4","$1,035","$2,467,514","5"
"-","-","Final Destination 5","WB","$1,482","+87.8%","2","-","$741","$2,826,132","10"
"-","-","Pirates of the Caribbean: On Stranger Tides (3D)","Disney","$698","-12.2%","1","-","$698","$1,315,917","9"
"-","-","The Smurfs","Sony","$269","-88.2%","2","-","$135","$1,172,893","8"
" TW"," LW"," Movie"," Studio"," Weekend Gross"," Change"," Screens"," Change / Avg."," Gross-to-Date"," Week",""
"1","1","The Adventures of Tintin","PPI","$406,032","-41.2%","91","-29","$4,462","$1,414,819","2"
"2","2","Real Steel","Disney","$114,380","-65.7%","36","-51","$3,177","$2,061,268","4"
"3","N","Contagion","WB","$104,245","-","55","-","$1,895","$145,425","1"
"4","3","Johnny English Reborn","UIP","$41,263","-86.2%","17","-62","$2,427","$2,441,606","4"
"-","-","Thor","UIP","$2,708","-95.4%","2","-23","$1,354","$273,076","3"
"-","-","The Smurfs","Sony","$2,280","-34.0%","2","-5","$1,140","$1,172,242","7"
"-","-","Pirates of the Caribbean: On Stranger Tides (3D)","Disney","$795","+120.2%","1","-","$795","$1,314,671","8"
"-","-","Final Destination 5","WB","$789","-95.0%","2","-5","$395","$2,824,002","9"
" TW"," LW"," Movie"," Studio"," Weekend Gross"," Change"," Screens"," Change / Avg."," Gross-to-Date"," Week",""
"1","N","The Adventures of Tintin","PPI","$691,023","-","120","-","$5,759","$719,013","1"
"2","2","Real Steel","Disney","$333,130","-33.0%","87","-10","$3,829","$1,807,957","3"
"3","1","Johnny English Reborn","UIP","$298,207","-47.6%","79","-26","$3,775","$2,293,001","3"
"-","3","Thor","UIP","$59,310","-44.1%","25","-13","$2,372","$242,684","2"
"-","-","Final Destination 5","WB","$15,734","-31.8%","7","-4","$2,248","$2,814,806","8"
"-","-","The Smurfs","Sony","$3,456","-61.9%","7","-2","$494","$1,169,577","6"
"-","-","Cars 2","Disney","$1,312","-72.9%","1","-5","$1,312","$670,199","5"
"-","-","Pirates of the Caribbean: On Stranger Tides (3D)","Disney","$361","-93.4%","1","-3","$361","$1,312,885","7"
" TW"," LW"," Movie"," Studio"," Weekend Gross"," Change"," Screens"," Change / Avg."," Gross-to-Date"," Week",""
"1","1","Johnny English Reborn","UIP","$569,344","-18.3%","105","-10","$5,422","$1,766,728","2"
"2","2","Real Steel","Disney","$497,501","+5.7%","97","-7","$5,129","$1,241,183","2"
"3","N","Thor","UIP","$106,175","-","38","-","$2,794","$120,699","1"
"-","-","Final Destination 5","WB","$23,074","-21.2%","11","-","$2,098","$2,782,183","7"
"-","-","The Smurfs","Sony","$9,064","-75.9%","9","-21","$1,007","$1,164,261","5"
"-","-","Pirates of the Caribbean: On Stranger Tides (3D)","Disney","$5,479","-47.3%","4","-","$1,370","$1,309,882","6"
"-","-","Cars 2","Disney","$4,840","-89.1%","6","-16","$807","$668,042","4"
"-","-","Super 8","UIP","$1,608","-92.1%","3","-13","$536","$286,789","3"
" TW"," LW"," Movie"," Studio"," Weekend Gross"," Change"," Screens"," Change / Avg."," Gross-to-Date"," Week",""
"1","N","Johnny English Reborn","UIP","$696,567","-","115","-","$6,057","$896,852","1"
"2","N","Real Steel","Disney","$470,869","-","104","-","$4,528","$470,869","1"
"-","3","Cars 2","Disney","$44,438","-69.2%","22","-28","$2,020","$655,912","3"
"-","1","The Smurfs","Sony","$37,555","-79.2%","30","-34","$1,252","$1,152,023","4"
"-","4","Final Destination 5","WB","$29,263","-25.0%","11","-10","$2,660","$2,742,678","6"
"-","2","Super 8","UIP","$20,231","-86.2%","16","-34","$1,264","$278,806","2"
"-","5","Pirates of the Caribbean: On Stranger Tides (3D)","Disney","$10,402","-56.8%","4","-13","$2,601","$1,299,885","5"
"-","9","Fast Five","UIP","$737","-0.9%","1","-20","$737","$3,167,381","12"
"-","6","Green Lantern","WB","$402","-94.3%","1","-7","$402","$451,022","4"
" TW"," LW"," Movie"," Studio"," Weekend Gross"," Change"," Screens"," Change / Avg."," Gross-to-Date"," Week",""
"1","-","The Tourist","Sony","$3,234","-","1","-","$3,234","$2,477,473","22"
"2","2","No Strings Attached","UIP","$1,656","+2.3%","1","-","$1,656","$952,960","16"
"3","7","Due Date","WB","$1,650","+1,427.8%","2","+1","$825","$368,517","25"
"4","3","You Again","Disney","$871","-43.7%","1","-3","$871","$173,656","29"
"5","-","Cop Out","WB","$801","-","1","-","$801","$317,403","58"
"6","4","The Other Guys","Sony","$424","+1.7%","1","-","$424","$369,620","34"
"7","1","The Social Network","Sony","$268","-86.7%","2","-1","$134","$366,183","30"
"8","6","A Nightmare on Elm Street (2010)","WB","$247","-29.2%","1","-","$247","$427,216","55"
"9","-","Zombieland","Sony","$188","-","1","-","$188","$231,555","77"
" TW"," LW"," Movie"," Studio"," Weekend Gross"," Change"," Screens"," Change / Avg."," Gross-to-Date"," Week",""
"1","-","The Social Network","Sony","$2,020","-","3","-","$673","$365,281","29"
"2","4","No Strings Attached","UIP","$1,619","-46.9%","1","-1","$1,619","$950,092","15"
"3","-","You Again","Disney","$1,548","-","4","-","$387","$171,699","28"
"4","5","The Other Guys","Sony","$417","-82.9%","1","-","$417","$369,196","33"
"5","3","Faster","Sony","$415","-86.6%","1","-","$415","$897,610","19"
"6","7","A Nightmare on Elm Street (2010)","WB","$349","-53.0%","1","-","$349","$426,969","54"
"7","8","Due Date","WB","$108","-70.2%","1","-","$108","$366,867","24"
" TW"," LW"," Movie"," Studio"," Weekend Gross"," Change"," Screens"," Change / Avg."," Gross-to-Date"," Week",""
"1","4","Cop Out","WB","$4,948","+79.7%","2","+1","$2,474","$312,879","56"
"2","1","Paranormal Activity 2","UIP","$4,451","-46.1%","2","-1","$2,226","$415,121","24"
"3","7","Faster","Sony","$3,091","+41.5%","1","-1","$3,091","$895,864","18"
"4","8","No Strings Attached","UIP","$3,051","+44.9%","2","-","$1,526","$947,000","14"
"5","3","The Other Guys","Sony","$2,431","-28.2%","1","-","$2,431","$367,317","32"
"6","-","Green Zone","UIP","$1,859","-","1","-","$1,859","$1,032,116","62"
"7","-","A Nightmare on Elm Street (2010)","WB","$743","-","1","-","$743","$428,961","53"
"8","2","Due Date","WB","$362","-89.9%","1","-","$362","$366,759","23"
"9","9","Little Fockers","UIP","$227","-79.9%","1","-","$227","$530,811","19"
"10","10","Burlesque","Sony","$166","-24.9%","1","-","$166","$312,480","17"
"11","-","Grown Ups","Sony","$59","-","1","-","$59","$488,409","38"
"12","6","Devil","UIP","$35","-98.4%","1","-1","$35","$294,776","22"
" TW"," LW"," Movie"," Studio"," Weekend Gross"," Change"," Screens"," Change / Avg."," Gross-to-Date"," Week",""
"1","2","Paranormal Activity 2","UIP","$8,250","+18.2%","3","-","$2,750","$405,466","23"
"2","-","Due Date","WB","$3,585","-","1","-","$3,585","$365,706","22"
"3","4","The Other Guys","Sony","$3,384","-44.2%","1","-1","$3,384","$364,171","31"
"4","-","Cop Out","WB","$2,753","-","1","-","$2,753","$303,773","55"
"5","3","Life as We Know It","WB","$2,320","-64.6%","2","-3","$1,160","$330,729","29"
"6","-","Devil","UIP","$2,196","-","2","-","$1,098","$293,067","21"
"7","5","Faster","Sony","$2,184","+10.8%","2","-1","$1,092","$892,324","17"
"8","1","No Strings Attached","UIP","$2,105","-73.7%","2","-1","$1,053","$941,358","13"
"9","7","Little Fockers","UIP","$1,128","+17.4%","1","-","$1,128","$530,584","18"
"10","10","Burlesque","Sony","$221","-46.6%","1","-1","$221","$312,107","16"
"11","8","The Green Hornet","Sony","$111","-76.0%","1","-2","$111","$2,436,721","14"
"12","11","You Again","Disney","$28","-92.7%","1","-","$28","$170,151","26"
" TW"," LW"," Movie"," Studio"," Weekend Gross"," Change"," Screens"," Change / Avg."," Gross-to-Date"," Week",""
"1","1","No Strings Attached","UIP","$7,999","-26.2%","3","-2","$2,666","$935,586","12"
"2","6","Paranormal Activity 2","UIP","$6,978","+1,099.0%","3","+2","$2,326","$391,816","22"
"3","4","Life as We Know It","WB","$6,557","+390.4%","5","+4","$1,311","$325,911","28"
"4","-","The Other Guys","Sony","$6,067","-","2","-","$3,034","$359,537","30"
"5","5","Faster","Sony","$1,971","+141.8%","3","+1","$657","$889,384","16"
"6","-","Going the Distance","WB","$1,052","-","1","-","$1,052","$97,943","30"
"7","3","Little Fockers","UIP","$961","-40.2%","1","-","$961","$528,598","17"
"8","-","The Green Hornet","Sony","$463","-","3","-","$154","$2,436,610","13"
"9","-","The Book of Eli","Sony","$425","-","1","-","$425","$630,714","55"
"10","9","Burlesque","Sony","$414","+59.9%","2","+1","$207","$311,886","15"
"11","7","You Again","Disney","$382","-30.0%","1","-","$382","$170,122","25"
"12","-","Grown Ups","Sony","$95","-","1","-","$95","$488,350","36"
" TW"," LW"," Movie"," Studio"," Weekend Gross"," Change"," Screens"," Change / Avg."," Gross-to-Date"," Week",""
"1","1","No Strings Attached","UIP","$10,845","-42.7%","5","-6","$2,169","$904,876","11"
"2","3","Eat Pray Love","Sony","$2,347","-62.8%","1","-3","$2,347","$1,530,058","28"
"3","4","Little Fockers","UIP","$1,607","-67.4%","1","-2","$1,607","$518,106","16"
"4","7","Life as We Know It","WB","$1,337","+62.5%","1","-","$1,337","$311,439","27"
"5","2","Faster","Sony","$815","-92.8%","2","-4","$408","$887,062","15"
"6","11","Paranormal Activity 2","UIP","$582","+261.5%","1","-","$582","$374,996","21"
"7","-","You Again","Disney","$546","-","1","-","$546","$166,767","24"
"8","-","Takers","Sony","$481","-","1","-","$481","$758,427","26"
"9","-","Burlesque","Sony","$259","-","1","-","$259","$311,261","14"
"10","5","The Tourist","Sony","$240","-91.1%","1","-","$240","$2,474,239","17"
" TW"," LW"," Movie"," Studio"," Weekend Gross"," Change"," Screens"," Change / Avg."," Gross-to-Date"," Week",""
"1","1","No Strings Attached","UIP","$18,930","+18.9%","11","+3","$1,721","$884,198","10"
"2","2","Faster","Sony","$11,313","+23.5%","6","-1","$1,886","$884,241","14"
"3","8","Eat Pray Love","Sony","$6,314","+483.0%","4","+3","$1,579","$1,525,195","27"
"4","3","Little Fockers","UIP","$4,927","-38.0%","3","-2","$1,642","$515,072","15"
"5","-","The Tourist","Sony","$2,681","-","1","-","$2,681","$2,473,461","16"
"6","4","Devil","UIP","$981","-82.0%","2","-2","$491","$283,914","18"
"7","-","Life as We Know It","WB","$823","-","1","-","$823","$310,102","26"
"8","9","Due Date","WB","$599","-43.7%","1","-","$599","$354,784","19"
"9","11","The Other Guys","Sony","$262","+51.5%","1","-","$262","$352,412","28"
"10","-","Legion (2010)","Sony","$175","-","2","-","$88","$723,331","64"
"11","5","Paranormal Activity 2","UIP","$161","-96.1%","1","-1","$161","$374,414","20"
" TW"," LW"," Movie"," Studio"," Weekend Gross"," Change"," Screens"," Change / Avg."," Gross-to-Date"," Week",""
"1","1","No Strings Attached","UIP","$15,919","-2.6%","8","+2","$1,990","$854,890","9"
"2","2","Faster","Sony","$9,161","-29.5%","7","-2","$1,309","$871,192","13"
"3","-","Little Fockers","UIP","$7,942","-","5","-","$1,588","$503,435","14"
"4","5","Devil","UIP","$5,442","+10.6%","4","+2","$1,361","$279,381","17"
"5","6","Paranormal Activity 2","UIP","$4,123","+1.3%","2","-","$2,062","$373,007","19"
"6","3","The Green Hornet","Sony","$2,793","-60.2%","3","-","$931","$2,435,180","10"
"7","-","The Losers","WB","$1,118","-","1","-","$1,118","$170,810","46"
"8","7","Eat Pray Love","Sony","$1,083","-70.5%","1","-2","$1,083","$1,518,854","26"
"9","-","Due Date","WB","$1,063","-","1","-","$1,063","$353,661","18"
"10","4","Grown Ups","Sony","$727","-88.5%","3","+1","$242","$488,255","33"
"11","10","The Other Guys","Sony","$173","-53.6%","1","-","$173","$352,150","27"
" TW"," LW"," Movie"," Studio"," Weekend Gross"," Change"," Screens"," Change / Avg."," Gross-to-Date"," Week",""
"1","4","No Strings Attached","UIP","$16,343","+755.2%","6","+3","$2,724","$829,309","8"
"2","1","Faster","Sony","$12,986","-34.8%","9","-","$1,443","$860,138","12"
"3","3","The Green Hornet","Sony","$7,011","+217.4%","3","-2","$2,337","$2,431,184","9"
"4","-","Grown Ups","Sony","$6,343","-","2","-","$3,172","$485,597","32"
"5","5","Devil","UIP","$4,921","+160.0%","2","+1","$2,461","$270,551","16"
"6","11","Paranormal Activity 2","UIP","$4,070","+1,595.8%","2","+1","$2,035","$367,027","18"
"7","13","Eat Pray Love","Sony","$3,671","+2,238.2%","3","+2","$1,224","$1,516,998","25"
"8","7","The Tourist","Sony","$3,510","+220.8%","3","+1","$1,170","$2,469,961","14"
"9","2","Going the Distance","WB","$482","-91.1%","1","-4","$482","$93,910","26"
"10","9","The Other Guys","Sony","$373","-10.3%","1","-","$373","$351,977","26"
"11","14","Takers","Sony","$4","-94.4%","1","-","$4","$757,946","23"
" TW"," LW"," Movie"," Studio"," Weekend Gross"," Change"," Screens"," Change / Avg."," Gross-to-Date"," Week",""
"1","4","Faster","Sony","$19,922","+226.8%","9","+6","$2,214","$843,284","11"
"2","-","Going the Distance","WB","$5,392","-","5","-","$1,078","$90,460","25"
"3","3","The Green Hornet","Sony","$2,209","-70.1%","5","-","$442","$2,423,342","8"
"4","6","No Strings Attached","UIP","$1,911","-64.3%","3","-2","$637","$795,689","7"
"5","1","Devil","UIP","$1,893","-87.2%","1","-10","$1,893","$261,701","15"
"6","2","The Bounty Hunter","Sony","$1,300","-88.9%","4","-2","$325","$242,605","47"
"7","13","The Tourist","Sony","$1,094","+124.6%","2","+1","$547","$2,465,533","13"
"8","5","Burlesque","Sony","$499","-91.0%","3","-5","$166","$310,930","10"
"9","-","The Other Guys","Sony","$416","-","1","-","$416","$351,605","25"
"10","7","Underworld: Rise of the Lycans","Sony","$343","-87.4%","1","-","$343","$672,678","112"
"11","15","Paranormal Activity 2","UIP","$240","-43.8%","1","-","$240","$356,968","17"
"12","8","The Social Network","Sony","$223","-89.0%","1","-","$223","$363,261","21"
"13","10","Eat Pray Love","Sony","$157","-85.3%","1","-1","$157","$1,512,880","24"
"14","14","Takers","Sony","$72","-83.3%","1","-2","$72","$757,936","22"
"15","12","The Taking of Pelham One, Two, Three","Sony","$23","-95.4%","1","-1","$23","$505,763","85"
" TW"," LW"," Movie"," Studio"," Weekend Gross"," Change"," Screens"," Change / Avg."," Gross-to-Date"," Week",""
"1","1","Devil","UIP","$14,823","-42.2%","11","-6","$1,348","$254,015","14"
"2","-","The Bounty Hunter","Sony","$11,724","-","6","-","$1,954","$238,993","46"
"3","3","The Green Hornet","Sony","$7,375","-8.6%","5","-","$1,475","$2,419,391","7"
"4","5","Faster","Sony","$6,096","-10.4%","3","-2","$2,032","$822,447","10"
"5","17","Burlesque","Sony","$5,563","+457.4%","8","+7","$695","$309,209","9"
"6","2","No Strings Attached","UIP","$5,345","-66.3%","5","-6","$1,069","$791,883","6"
"7","9","Underworld: Rise of the Lycans","Sony","$2,711","-8.3%","1","-","$2,711","$671,565","111"
"8","-","The Social Network","Sony","$2,023","-","1","-","$2,023","$362,528","20"
"9","13","Cop Out","WB","$1,363","-47.1%","1","-1","$1,363","$291,321","48"
"10","10","Eat Pray Love","Sony","$1,066","-62.9%","2","-1","$533","$1,512,407","23"
"11","4","Little Fockers","UIP","$800","-89.6%","1","-5","$800","$488,427","11"
"12","15","The Taking of Pelham One, Two, Three","Sony","$498","-66.2%","2","+1","$249","$505,711","84"
"13","14","The Tourist","Sony","$487","-71.6%","1","-2","$487","$2,464,380","12"
"14","11","Takers","Sony","$431","-84.5%","3","-","$144","$757,853","21"
"15","7","Paranormal Activity 2","UIP","$427","-89.4%","1","-14","$427","$355,146","16"
"16","6","Legion (2010)","Sony","$384","-91.4%","2","-","$192","$722,986","60"
" TW"," LW"," Movie"," Studio"," Weekend Gross"," Change"," Screens"," Change / Avg."," Gross-to-Date"," Week",""
"1","-","Devil","UIP","$25,639","-","17","-","$1,508","$226,499","13"
"2","1","No Strings Attached","UIP","$15,852","-61.4%","11","-14","$1,441","$779,692","5"
"3","2","The Green Hornet","Sony","$8,070","-67.5%","5","-18","$1,614","$2,410,384","6"
"4","3","Little Fockers","UIP","$7,723","-52.1%","6","-1","$1,287","$484,483","10"
"5","12","Faster","Sony","$6,806","+925.0%","5","+4","$1,361","$813,991","9"
"6","8","Legion (2010)","Sony","$4,437","+1.2%","2","+1","$2,219","$721,410","59"
"7","5","Paranormal Activity 2","UIP","$4,038","-63.4%","15","+7","$269","$354,267","15"
"8","6","Due Date","WB","$3,461","-51.8%","5","-","$692","$342,354","14"
"9","-","Underworld: Rise of the Lycans","Sony","$2,956","-","1","-","$2,956","$667,861","110"
"10","-","Eat Pray Love","Sony","$2,872","-","3","-","$957","$1,510,171","22"
"11","-","Takers","Sony","$2,784","-","3","-","$928","$756,722","20"
"12","-","Tangled","Disney","$2,759","-","2","-","$1,380","$1,894,079","15"
"13","4","Cop Out","WB","$2,574","-79.7%","2","-4","$1,287","$288,380","47"
"14","7","The Tourist","Sony","$1,717","-62.5%","3","-","$572","$2,463,674","11"
"15","-","The Taking of Pelham One, Two, Three","Sony","$1,475","-","1","-","$1,475","$504,535","83"
"16","-","Shutter Island","UIP","$1,181","-","1","-","$1,181","$772,735","54"
"17","-","Burlesque","Sony","$998","-","1","-","$998","$302,773","8"
" TW"," LW"," Movie"," Studio"," Weekend Gross"," Change"," Screens"," Change / Avg."," Gross-to-Date"," Week",""
"1","2","No Strings Attached","UIP","$41,047","-40.7%","25","-8","$1,642","$749,368","4"
"2","1","The Green Hornet","Sony","$24,820","-71.8%","23","-36","$1,079","$2,398,116","5"
"3","-","Little Fockers","UIP","$16,137","-","7","-","$2,305","$471,339","9"
"4","-","Cop Out","WB","$12,663","-","6","-","$2,111","$280,755","46"
"5","4","Paranormal Activity 2","UIP","$11,041","+32.2%","8","+1","$1,380","$345,200","14"
"6","-","Due Date","WB","$7,179","-","5","-","$1,436","$335,045","13"
"7","7","The Tourist","Sony","$4,578","+60.9%","3","-","$1,526","$2,461,172","10"
"8","-","Legion (2010)","Sony","$4,383","-","1","-","$4,383","$716,153","58"
"9","3","The Book of Eli","Sony","$3,111","-68.8%","1","-3","$3,111","$629,625","47"
"10","6","Life as We Know It","WB","$2,206","-42.8%","1","-1","$2,206","$304,279","20"
"11","-","The Back-Up Plan","Sony","$1,101","-","1","-","$1,101","$119,377","30"
"12","8","Faster","Sony","$664","-74.3%","1","-","$664","$806,705","8"
"13","-","Inception","WB","$512","-","1","-","$512","$2,439,468","34"
"14","-","The Social Network","Sony","$207","-","1","-","$207","$360,505","18"
" TW"," LW"," Movie"," Studio"," Weekend Gross"," Change"," Screens"," Change / Avg."," Gross-to-Date"," Week",""
"1","1","The Green Hornet","Sony","$88,036","-62.2%","59","-3","$1,492","$2,357,697","4"
"2","2","No Strings Attached","UIP","$69,169","-52.4%","33","+9","$2,096","$665,203","3"
"3","4","The Book of Eli","Sony","$9,977","+273.4%","4","-2","$2,494","$624,586","46"
"4","8","Paranormal Activity 2","UIP","$8,352","+701.5%","7","+6","$1,193","$321,111","13"
"5","-","G-Force","Disney","$7,155","-","2","-","$3,578","$1,380,947","76"
"6","3","Life as We Know It","WB","$3,859","-33.1%","2","-2","$1,930","$292,984","19"
"7","12","The Tourist","Sony","$2,845","+469.0%","3","+2","$948","$2,455,862","9"
"8","10","Faster","Sony","$2,579","+313.3%","1","-","$2,579","$805,446","7"
"9","6","Eat Pray Love","Sony","$123","-91.7%","1","-","$123","$1,507,295","20"
"10","5","You Again","Disney","$76","-95.0%","1","-","$76","$159,919","16"
"11","13","Takers","Sony","$7","-98.3%","1","-","$7","$753,938","18"
" TW"," LW"," Movie"," Studio"," Weekend Gross"," Change"," Screens"," Change / Avg."," Gross-to-Date"," Week",""
"1","1","The Green Hornet","Sony","$232,786","-47.9%","62","-18","$3,755","$2,229,780","3"
"2","2","No Strings Attached","UIP","$145,174","-21.5%","24","-","$6,049","$542,623","2"
"3","-","Life as We Know It","WB","$5,764","-","4","-","$1,441","$286,608","18"
"4","12","The Book of Eli","Sony","$2,672","+864.6%","6","+5","$445","$613,273","45"
"5","-","You Again","Disney","$1,521","-","1","-","$1,521","$159,446","15"
"6","7","Eat Pray Love","Sony","$1,477","-44.6%","1","-1","$1,477","$1,506,922","19"
"7","4","Burlesque","Sony","$1,049","-73.2%","1","-6","$1,049","$301,417","5"
"8","-","Paranormal Activity 2","UIP","$1,042","-","1","-","$1,042","$310,689","12"
"9","5","Yogi Bear","WB","$999","-68.5%","2","-4","$500","$448,468","5"
"10","10","Faster","Sony","$624","+46.1%","1","-1","$624","$802,593","6"
"11","-","Zombieland","Sony","$540","-","1","-","$540","$231,250","63"
"12","6","The Tourist","Sony","$500","-83.3%","1","-9","$500","$2,452,642","8"
"13","11","Takers","Sony","$411","+11.4%","1","-","$411","$753,923","17"
"14","3","The Social Network","Sony","$392","-90.2%","2","-1","$196","$360,245","16"
" TW"," LW"," Movie"," Studio"," Weekend Gross"," Change"," Screens"," Change / Avg."," Gross-to-Date"," Week",""
"1","1","The Green Hornet","Sony","$446,534","-58.5%","80","-","$5,582","$1,753,063","2"
"2","N","No Strings Attached","UIP","$185,012","-","24","-","$7,709","$244,810","1"
"3","-","The Social Network","Sony","$3,997","-","3","-","$1,332","$357,992","15"
"4","2","Burlesque","Sony","$3,917","-86.6%","7","-3","$560","$298,283","4"
"5","4","Yogi Bear","WB","$3,173","-79.5%","6","-1","$529","$444,368","4"
"6","3","The Tourist","Sony","$2,996","-84.3%","10","-","$300","$2,451,103","7"
"7","-","Eat Pray Love","Sony","$2,668","-","2","-","$1,334","$1,503,341","18"
"8","-","The Bounty Hunter","Sony","$1,252","-","1","-","$1,252","$227,268","41"
"9","7","Grown Ups","Sony","$658","+103.1%","1","-","$658","$478,714","25"
"10","5","Faster","Sony","$427","-89.7%","2","-2","$214","$800,466","5"
"11","-","Takers","Sony","$369","-","1","-","$369","$753,512","16"
"12","-","The Book of Eli","Sony","$277","-","1","-","$277","$610,601","44"
" TW"," LW"," Movie"," Studio"," Weekend Gross"," Change"," Screens"," Change / Avg."," Gross-to-Date"," Week",""
"1","N","The Green Hornet","Sony","$1,076,289","-","80","-","$13,454","$1,137,507","1"
"2","1","Burlesque","Sony","$29,291","-65.9%","10","-20","$2,929","$291,149","3"
"3","2","The Tourist","Sony","$19,083","-76.3%","10","-29","$1,908","$2,445,247","6"
"4","4","Yogi Bear","WB","$15,486","-71.9%","7","-11","$2,212","$439,689","3"
"5","3","Faster","Sony","$4,142","-94.2%","4","-36","$1,036","$799,695","4"
"6","7","Tron Legacy","Disney","$1,733","-16.8%","2","-","$867","$2,467,545","8"
"7","5","Grown Ups","Sony","$324","-94.5%","1","-4","$324","$477,649","24"
" TW"," LW"," Movie"," Studio"," Weekend Gross"," Change"," Screens"," Change / Avg."," Gross-to-Date"," Week",""
"1","4","Burlesque","Sony","$85,997","-29.3%","30","-","$2,867","$249,132","2"
"2","3","The Tourist","Sony","$80,525","-58.0%","39","-21","$2,065","$2,412,212","5"
"3","2","Faster","Sony","$70,845","-68.3%","40","-","$1,771","$787,160","3"
"4","1","Yogi Bear","WB","$55,171","-77.4%","18","-42","$3,065","$417,017","2"
"5","7","Grown Ups","Sony","$5,900","+63.7%","5","+4","$1,180","$475,859","23"
"6","5","Little Fockers","UIP","$3,727","-84.3%","5","-5","$745","$443,675","4"
"7","9","Tron Legacy","Disney","$2,082","+26.6%","2","-1","$1,041","$2,477,320","7"
"8","8","Eat Pray Love","Sony","$1,803","-40.0%","4","+1","$451","$1,500,360","16"
" TW"," LW"," Movie"," Studio"," Weekend Gross"," Change"," Screens"," Change / Avg."," Gross-to-Date"," Week",""
"1","N","Yogi Bear","WB","$244,523","-","60","-","$4,075","$296,575","1"
"2","1","Faster","Sony","$223,441","-39.1%","40","-","$5,586","$684,009","2"
"3","2","The Tourist","Sony","$191,766","-45.7%","60","-","$3,196","$2,298,580","4"
"4","N","Burlesque","Sony","$121,698","-","30","-","$4,057","$133,513","1"
"5","3","Little Fockers","UIP","$23,796","-67.1%","10","-11","$2,380","$434,593","3"
"6","6","The Social Network","Sony","$6,592","+20.4%","4","-","$1,648","$353,384","12"
"7","-","Grown Ups","Sony","$3,604","-","1","-","$3,604","$469,959","22"
"8","5","Eat Pray Love","Sony","$3,007","-63.2%","3","-","$1,002","$1,497,890","15"
"9","4","Tron Legacy","Disney","$1,645","-90.5%","3","-14","$548","$2,474,632","6"
" TW"," LW"," Movie"," Studio"," Weekend Gross"," Change"," Screens"," Change / Avg."," Gross-to-Date"," Week",""
"1","N","Faster","Sony","$367,148","-","40","-","$9,179","$400,949","1"
"2","1","The Tourist","Sony","$353,421","-40.6%","60","-","$5,890","$2,038,642","3"
"3","2","Little Fockers","UIP","$72,252","-64.5%","21","-9","$3,441","$391,666","2"
"4","3","Tron Legacy","Disney","$17,227","-77.7%","17","-15","$1,013","$2,465,741","5"
"5","4","Eat Pray Love","Sony","$8,178","+16.4%","3","+1","$2,726","$1,493,443","14"
"6","-","The Social Network","Sony","$5,476","-","4","-","$1,369","$344,768","11"
"7","6","Due Date","WB","$1,617","-67.0%","1","-1","$1,617","$320,158","6"
"8","8","Tangled","Disney","$1,201","-53.4%","2","-6","$601","$1,852,736","7"
"9","5","The Back-Up Plan","Sony","$468","-92.0%","1","-1","$468","$118,276","23"
"10","7","Harry Potter and the Deathly Hallows (Part One)","WB","$296","-89.0%","1","-5","$296","$6,149,448","9"
" TW"," LW"," Movie"," Studio"," Weekend Gross"," Change"," Screens"," Change / Avg."," Gross-to-Date"," Week",""
"1","1","The Tourist","Sony","$594,536","-25.8%","60","-","$9,909","$1,579,986","2"
"2","N","Little Fockers","UIP","$203,453","-","30","-","$6,782","$274,307","1"
"3","2","Tron Legacy","Disney","$77,157","-64.2%","32","-23","$2,411","$2,426,209","4"
"4","-","Eat Pray Love","Sony","$7,029","-","2","-","$3,515","$1,483,863","13"
"5","-","The Back-Up Plan","Sony","$5,857","-","2","-","$2,929","$117,145","22"
"6","4","Due Date","WB","$4,904","-42.1%","2","-2","$2,452","$317,519","5"
"7","5","Harry Potter and the Deathly Hallows (Part One)","WB","$2,697","-54.6%","6","-2","$450","$6,145,875","8"
"8","3","Tangled","Disney","$2,576","-73.9%","8","+1","$322","$1,849,988","6"
